image,label,img_width,img_height,img_depth,xmin,ymin,xmax,ymax,xml_file,split
000001.jpg,0,718,500,3,223,90,286,131,000001.xml,test
000002.jpg,0,718,500,3,488,90,539,130,000002.xml,train
000003.jpg,0,718,500,3,151,129,313,252,000003.xml,train
000004.jpg,0,718,500,3,331,115,441,185,000004.xml,train
000005.jpg,0,718,500,3,382,143,485,230,000005.xml,train
000006.jpg,0,718,500,3,248,125,495,297,000006.xml,test
000007.jpg,0,718,500,3,1,99,658,462,000007.xml,train
000008.jpg,0,718,500,3,264,94,648,331,000008.xml,train
000009.jpg,0,718,500,3,203,80,614,384,000009.xml,test
000010.jpg,0,818,628,3,180,103,445,331,000010.xml,train
000011.jpg,0,818,628,3,340,140,483,208,000011.xml,test
000012.jpg,1,718,500,3,254,153,575,356,000012.xml,train
000013.jpg,1,718,500,3,179,223,277,326,000013.xml,train
000014.jpg,0,718,500,3,63,93,716,406,000014.xml,train
000015.jpg,0,718,500,3,115,91,484,335,000015.xml,train
000016.jpg,0,718,500,3,308,97,538,217,000016.xml,test
000017.jpg,0,718,500,3,395,159,436,216,000017.xml,train
000018.jpg,0,718,500,3,157,67,635,478,000018.xml,train
000019.jpg,0,718,500,3,130,68,677,487,000019.xml,val
000020.jpg,0,498,429,3,286,153,365,203,000020.xml,train
000021.jpg,0,498,429,3,211,139,285,205,000021.xml,train
000022.jpg,0,498,429,3,89,160,165,272,000022.xml,train
000023.jpg,1,718,500,3,223,237,318,345,000023.xml,train
000024.jpg,0,439,368,3,58,142,420,367,000024.xml,train
000025.jpg,0,498,429,3,203,79,304,137,000025.xml,test
000026.jpg,0,498,429,3,87,111,243,199,000026.xml,train
000027.jpg,0,498,429,3,214,91,295,144,000027.xml,train
000028.jpg,0,498,429,3,111,114,194,162,000028.xml,train
000029.jpg,0,498,429,3,79,106,448,328,000029.xml,train
000030.jpg,0,498,429,3,106,118,376,352,000030.xml,train
000031.jpg,0,498,429,3,124,75,211,125,000031.xml,train
000032.jpg,0,718,500,3,239,250,297,357,000032.xml,train
000033.jpg,0,718,500,3,340,217,404,269,000033.xml,train
000034.jpg,0,718,500,3,299,149,357,209,000034.xml,train
000035.jpg,0,718,500,3,153,62,694,372,000035.xml,test
000036.jpg,0,718,500,3,70,64,449,336,000036.xml,train
000037.jpg,0,439,368,3,101,54,406,266,000037.xml,train
000038.jpg,0,439,368,3,174,69,373,218,000038.xml,val
000039.jpg,0,439,368,3,210,62,336,162,000039.xml,train
000040.jpg,0,439,368,3,177,50,400,221,000040.xml,test
000041.jpg,0,718,500,3,179,135,604,409,000041.xml,train
000042.jpg,0,718,500,3,264,178,333,256,000042.xml,train
000043.jpg,0,718,500,3,236,159,326,204,000043.xml,train
000044.jpg,0,718,500,3,403,83,460,125,000044.xml,test
000045.jpg,0,718,500,3,300,118,497,367,000045.xml,train
000046.jpg,0,718,500,3,211,105,501,300,000046.xml,test
000047.jpg,0,718,500,3,313,107,538,341,000047.xml,train
000048.jpg,0,718,500,3,410,133,635,325,000048.xml,test
000049.jpg,0,718,500,3,294,187,367,268,000049.xml,train
000050.jpg,0,718,500,3,204,193,268,260,000050.xml,train
000051.jpg,0,718,500,3,302,77,404,175,000051.xml,train
000052.jpg,0,718,500,3,278,84,380,184,000052.xml,train
000053.jpg,0,718,500,3,395,69,569,202,000053.xml,train
000054.jpg,0,718,500,3,206,82,285,155,000054.xml,test
000055.jpg,0,718,500,3,168,74,350,198,000055.xml,val
000056.jpg,1,718,500,3,196,189,281,277,000056.xml,train
000057.jpg,0,718,500,3,290,75,503,210,000057.xml,train
000058.jpg,1,718,500,3,302,197,383,274,000058.xml,train
000059.jpg,0,818,628,3,325,181,546,339,000059.xml,train
000060.jpg,0,818,628,3,324,174,579,362,000060.xml,test
000061.jpg,0,718,500,3,331,80,552,195,000061.xml,train
000062.jpg,0,718,500,3,346,91,544,201,000062.xml,train
000063.jpg,0,718,500,3,206,185,464,367,000063.xml,train
000064.jpg,0,718,500,3,305,119,571,269,000064.xml,train
000065.jpg,0,718,500,3,316,61,490,143,000065.xml,train
000066.jpg,1,498,429,3,104,130,230,255,000066.xml,val
000067.jpg,1,498,429,3,162,143,307,280,000067.xml,train
000068.jpg,0,498,429,3,241,88,364,192,000068.xml,train
000069.jpg,0,718,500,3,279,121,443,364,000069.xml,train
000070.jpg,0,439,368,3,214,148,299,218,000070.xml,train
000071.jpg,0,718,500,3,135,56,591,290,000071.xml,train
000072.jpg,0,718,500,3,267,123,599,279,000072.xml,val
000073.jpg,0,718,500,3,223,153,580,276,000073.xml,train
000074.jpg,0,718,500,3,311,167,396,217,000074.xml,train
000075.jpg,0,718,500,3,136,174,334,264,000075.xml,train
000076.jpg,1,498,429,3,149,165,262,301,000076.xml,test
000077.jpg,1,498,429,3,172,124,236,194,000077.xml,train
000078.jpg,1,498,429,3,251,55,359,161,000078.xml,train
000079.jpg,1,498,429,3,109,86,201,143,000079.xml,val
000080.jpg,1,498,429,3,170,87,279,155,000080.xml,train
000081.jpg,1,718,500,3,335,233,417,313,000081.xml,train
000082.jpg,0,718,500,3,307,161,389,258,000082.xml,train
000083.jpg,0,718,500,3,243,170,315,261,000083.xml,test
000084.jpg,0,718,500,3,314,172,410,282,000084.xml,train
000085.jpg,1,498,429,3,160,93,243,219,000085.xml,train
000086.jpg,0,718,500,3,427,232,456,265,000086.xml,test
000087.jpg,0,718,500,3,357,155,393,179,000087.xml,train
000088.jpg,1,498,429,3,177,81,282,186,000088.xml,train
000089.jpg,1,498,429,3,282,72,395,167,000089.xml,train
000090.jpg,1,498,429,3,270,126,352,206,000090.xml,train
000091.jpg,0,718,500,3,446,115,520,189,000091.xml,train
000092.jpg,0,718,500,3,459,93,517,169,000092.xml,train
000093.jpg,0,718,500,3,324,127,461,200,000093.xml,test
000094.jpg,1,718,500,3,286,216,392,309,000094.xml,val
000095.jpg,1,718,500,3,315,228,423,307,000095.xml,train
000096.jpg,1,718,500,3,284,267,357,360,000096.xml,train
000097.jpg,1,718,500,3,363,152,407,196,000097.xml,train
000098.jpg,1,718,500,3,252,150,331,223,000098.xml,train
000099.jpg,0,498,429,3,57,66,419,420,000099.xml,val
000100.jpg,0,498,429,3,151,57,457,288,000100.xml,train
000101.jpg,1,818,628,3,336,150,561,323,000101.xml,test
000102.jpg,1,818,628,3,358,174,510,352,000102.xml,train
000103.jpg,1,718,500,3,434,163,539,274,000103.xml,train
000104.jpg,0,818,628,3,324,66,479,187,000104.xml,train
000105.jpg,0,718,500,3,382,66,625,174,000105.xml,test
000106.jpg,0,439,368,3,184,119,288,232,000106.xml,train
000107.jpg,0,439,368,3,171,130,336,259,000107.xml,train
000108.jpg,1,718,500,3,308,130,515,284,000108.xml,train
000109.jpg,1,718,500,3,255,142,423,312,000109.xml,val
000110.jpg,1,718,500,3,420,119,522,230,000110.xml,val
000111.jpg,0,718,500,3,313,74,474,202,000111.xml,train
000112.jpg,0,718,500,3,364,86,524,213,000112.xml,train
000113.jpg,0,718,500,3,99,110,553,319,000113.xml,val
000114.jpg,1,718,500,3,328,82,403,187,000114.xml,train
000115.jpg,1,718,500,3,315,145,384,206,000115 (1).xml,test
000115.jpg,1,718,500,3,315,145,384,206,000115.xml,test
000116.jpg,1,718,500,3,349,156,397,209,000116.xml,train
000117.jpg,0,718,500,3,421,79,594,196,000117 (1).xml,train
000117.jpg,0,718,500,3,421,79,594,196,000117.xml,train
000118.jpg,0,718,500,3,293,100,444,192,000118 (1).xml,train
000118.jpg,0,718,500,3,293,100,444,192,000118.xml,train
000119.jpg,0,718,500,3,492,85,671,222,000119.xml,train
000120.jpg,0,718,500,3,435,96,682,179,000120 (1).xml,test
000120.jpg,0,718,500,3,435,96,682,179,000120.xml,test
000121.jpg,0,818,628,3,341,164,587,358,000121.xml,train
000122.jpg,0,818,628,3,398,171,498,261,000122 (1).xml,train
000122.jpg,0,818,628,3,398,171,498,261,000122.xml,train
000123.jpg,0,818,628,3,423,196,500,256,000123 (1).xml,test
000123.jpg,0,818,628,3,423,196,500,256,000123.xml,test
000124.jpg,0,818,628,3,300,151,528,284,000124.xml,train
000125.jpg,0,439,368,3,114,84,435,319,000125.xml,train
000126.jpg,0,439,368,3,179,105,435,267,000126.xml,test
000127.jpg,0,439,368,3,226,98,379,244,000127.xml,train
000128.jpg,0,439,368,3,99,70,438,333,000128.xml,train
000129.jpg,0,439,368,3,88,58,428,324,000129.xml,train
000130.jpg,0,718,500,3,180,163,268,233,000130.xml,train
000131.jpg,0,718,500,3,343,196,398,257,000131.xml,test
000132.jpg,0,718,500,3,267,177,351,258,000132.xml,train
000133.jpg,0,718,500,3,411,75,572,180,000133.xml,train
000134.jpg,0,718,500,3,322,80,364,111,000134.xml,train
000135.jpg,0,718,500,3,382,47,546,158,000135.xml,train
000136.jpg,0,718,500,3,166,102,234,138,000136.xml,train
000137.jpg,0,718,500,3,145,66,422,325,000137.xml,test
000138.jpg,0,718,500,3,347,70,591,337,000138.xml,val
000139.jpg,0,718,500,3,413,82,601,299,000139.xml,train
000140.jpg,0,718,500,3,190,90,509,369,000140.xml,train
000141.jpg,0,718,500,3,176,82,501,378,000141.xml,train
000142.jpg,0,718,500,3,224,99,552,378,000142.xml,train
000143.jpg,0,718,500,3,246,118,345,177,000143.xml,train
000144.jpg,0,718,500,3,281,113,326,163,000144.xml,train
000145.jpg,0,718,500,3,165,78,223,111,000145.xml,train
000146.jpg,1,718,500,3,210,149,296,228,000146.xml,train
000147.jpg,1,718,500,3,213,115,311,197,000147.xml,test
000148.jpg,0,718,500,3,314,117,382,166,000148.xml,train
000149.jpg,0,718,500,3,354,43,501,181,000149.xml,test
000150.jpg,1,718,500,3,319,92,551,209,000150.xml,train
000151.jpg,0,718,500,3,240,147,438,265,000151.xml,val
000152.jpg,0,718,500,3,218,143,420,264,000152.xml,train
000153.jpg,0,718,500,3,281,124,438,262,000153.xml,test
000154.jpg,0,718,500,3,253,131,411,229,000154.xml,test
000155.jpg,0,718,500,3,202,119,392,259,000155.xml,train
000156.jpg,0,718,500,3,307,58,436,192,000156.xml,train
000157.jpg,0,718,500,3,267,84,315,139,000157.xml,train
000158.jpg,0,718,500,3,390,178,463,242,000158.xml,train
000159.jpg,0,718,500,3,103,156,324,376,000159.xml,train
000160.jpg,0,718,500,3,305,157,345,195,000160.xml,train
000161.jpg,0,718,500,3,382,154,419,202,000161.xml,test
000162.jpg,0,718,500,3,184,93,495,418,000162.xml,train
000163.jpg,1,718,500,3,127,169,201,226,000163.xml,train
000164.jpg,1,718,500,3,179,166,261,257,000164.xml,val
000165.jpg,0,718,500,3,284,100,367,178,000165.xml,train
000166.jpg,0,718,500,3,338,106,406,186,000166.xml,train
000167.jpg,0,498,429,3,206,125,279,207,000167.xml,train
000168.jpg,0,498,429,3,162,127,332,262,000168.xml,train
000169.jpg,0,818,628,3,323,158,421,237,000169.xml,test
000170.jpg,1,718,500,3,19,71,187,173,000170.xml,val
000171.jpg,0,498,429,3,179,67,328,141,000171.xml,train
000172.jpg,0,498,429,3,199,92,293,142,000172.xml,train
000173.jpg,0,718,500,3,267,116,465,270,000173.xml,train
000174.jpg,0,718,500,3,131,119,313,272,000174.xml,test
000175.jpg,0,718,500,3,264,94,473,267,000175.xml,train
000176.jpg,0,718,500,3,349,109,539,258,000176.xml,train
000177.jpg,0,718,500,3,287,119,379,197,000177.xml,test
000178.jpg,1,718,500,3,193,71,335,172,000178.xml,train
000179.jpg,1,718,500,3,217,74,342,145,000179.xml,train
000180.jpg,1,718,500,3,349,85,525,289,000180.xml,test
000181.jpg,1,718,500,3,333,85,511,280,000181.xml,train
000182.jpg,1,718,500,3,243,94,465,301,000182.xml,train
000183.jpg,1,718,500,3,130,118,546,409,000183.xml,test
000184.jpg,0,718,500,3,255,92,691,479,000184.xml,test
000185.jpg,0,718,500,3,286,186,606,475,000185.xml,train
000186.jpg,1,718,500,3,234,85,504,338,000186.xml,train
000187.jpg,0,718,500,3,315,93,372,155,000187.xml,train
000188.jpg,0,718,500,3,184,75,545,419,000188.xml,train
000189.jpg,0,718,500,3,322,52,701,393,000189.xml,train
000190.jpg,0,718,500,3,151,185,475,443,000190.xml,test
000191.jpg,0,718,500,3,280,103,483,367,000191.xml,train
000192.jpg,0,718,500,3,197,82,364,185,000192.xml,train
000193.jpg,0,718,500,3,152,91,609,331,000193.xml,train
000194.jpg,1,718,500,3,188,140,403,363,000194.xml,test
000195.jpg,1,718,500,3,204,84,610,332,000195.xml,test
000196.jpg,1,718,500,3,342,165,473,280,000196.xml,train
000197.jpg,0,718,500,3,385,125,567,262,000197.xml,test
000198.jpg,0,718,500,3,406,146,515,253,000198.xml,train
000199.jpg,0,718,500,3,198,156,268,195,000199.xml,train
000200.jpg,1,718,500,3,335,108,447,201,000200.xml,train
000201.jpg,0,718,500,3,337,166,395,219,000201.xml,val
000202.jpg,0,718,500,3,174,92,406,242,000202.xml,test
000203.jpg,0,718,500,3,106,69,507,344,000203.xml,val
000204.jpg,0,718,500,3,65,52,604,346,000204.xml,train
000205.jpg,0,718,500,3,331,107,533,251,000205.xml,train
000206.jpg,0,718,500,3,285,103,443,224,000206.xml,train
000207.jpg,0,718,500,3,315,169,390,220,000207.xml,train
000208.jpg,0,718,500,3,376,179,488,260,000208.xml,train
000209.jpg,0,718,500,3,54,51,685,382,000209.xml,train
000210.jpg,0,718,500,3,110,59,588,393,000210.xml,val
000211.jpg,0,718,500,3,168,69,623,355,000211.xml,train
000212.jpg,0,718,500,3,110,82,424,357,000212.xml,test
000213.jpg,0,718,500,3,279,141,376,239,000213.xml,train
000214.jpg,0,718,500,3,232,162,327,218,000214.xml,train
000215.jpg,0,718,500,3,410,153,474,193,000215.xml,train
000216.jpg,0,718,500,3,23,66,648,451,000216.xml,train
000217.jpg,0,718,500,3,430,133,554,210,000217.xml,train
000218.jpg,0,718,500,3,202,159,305,227,000218.xml,train
000219.jpg,0,718,500,3,327,142,432,198,000219.xml,train
000220.jpg,0,718,500,3,427,122,487,157,000220.xml,train
000221.jpg,0,718,500,3,354,249,451,297,000221.xml,train
000222.jpg,0,718,500,3,359,108,558,274,000222.xml,test
000223.jpg,0,718,500,3,259,110,464,273,000223.xml,test
000224.jpg,0,718,500,3,270,186,408,303,000224.xml,test
000225.jpg,0,718,500,3,295,179,422,296,000225.xml,test
000226.jpg,0,718,500,3,343,192,425,304,000226.xml,train
000227.jpg,0,498,429,3,152,200,244,261,000227.xml,train
000228.jpg,0,718,500,3,182,141,504,386,000228.xml,test
000229.jpg,0,718,500,3,203,137,299,220,000229.xml,train
000230.jpg,0,718,500,3,350,142,438,227,000230.xml,train
000231.jpg,0,718,500,3,395,133,553,218,000231.xml,train
000232.jpg,0,718,500,3,434,138,505,216,000232.xml,train
000233.jpg,0,718,500,3,285,133,392,221,000233.xml,train
000234.jpg,0,718,500,3,242,150,315,201,000234.xml,train
000235.jpg,0,718,500,3,256,46,489,151,000235.xml,train
000236.jpg,0,718,500,3,223,179,290,214,000236.xml,val
000237.jpg,0,718,500,3,158,103,580,372,000237.xml,train
000238.jpg,0,718,500,3,448,201,512,245,000238.xml,val
000239.jpg,0,718,500,3,143,64,608,441,000239.xml,train
000240.jpg,1,718,500,3,311,96,424,220,000240.xml,test
000241.jpg,0,718,500,3,100,56,564,355,000241.xml,train
000242.jpg,0,718,500,3,63,99,481,266,000242.xml,train
000243.jpg,0,718,500,3,303,186,464,284,000243.xml,train
000244.jpg,0,718,500,3,310,165,441,264,000244.xml,test
000245.jpg,0,718,500,3,319,165,427,267,000245.xml,val
000246.jpg,0,718,500,3,520,130,570,182,000246.xml,test
000247.jpg,0,718,500,3,276,265,382,333,000247.xml,train
000248.jpg,0,718,500,3,294,229,377,281,000248.xml,train
000249.jpg,1,718,500,3,326,94,453,218,000249.xml,train
000250.jpg,1,498,429,3,95,81,369,244,000250.xml,train
000251.jpg,1,498,429,3,125,61,302,220,000251.xml,train
000252.jpg,0,919,646,3,440,134,509,205,000252.xml,train
000253.jpg,0,718,500,3,323,166,380,264,000253.xml,train
000254.jpg,0,718,500,3,371,197,535,287,000254.xml,train
000255.jpg,0,718,500,3,529,134,575,189,000255.xml,train
000256.jpg,0,718,500,3,356,96,461,165,000256.xml,train
000257.jpg,1,498,429,3,167,95,393,292,000257.xml,train
000258.jpg,1,498,429,3,167,110,398,295,000258.xml,train
000259.jpg,0,919,646,3,167,211,324,356,000259.xml,train
000260.jpg,0,919,646,3,140,232,270,333,000260.xml,train
000261.jpg,0,818,628,3,194,70,578,366,000261.xml,train
000262.jpg,0,818,628,3,285,65,614,319,000262.xml,train
000263.jpg,1,498,429,3,120,121,366,300,000263.xml,train
000264.jpg,1,498,429,3,137,144,332,320,000264.xml,train
000265.jpg,0,718,500,3,252,60,396,142,000265.xml,train
000266.jpg,0,718,500,3,187,109,435,322,000266.xml,train
000267.jpg,0,718,500,3,312,281,434,386,000267.xml,train
000268.jpg,0,718,500,3,318,89,433,177,000268.xml,train
000269.jpg,0,718,500,3,239,74,355,182,000269.xml,train
000270.jpg,1,718,500,3,233,184,306,302,000270.xml,train
000271.jpg,0,718,500,3,313,91,416,161,000271.xml,train
000272.jpg,0,718,500,3,297,117,422,192,000272.xml,train
000273.jpg,0,718,500,3,303,95,420,156,000273.xml,train
000274.jpg,0,718,500,3,390,173,433,218,000274.xml,train
000275.jpg,0,718,500,3,361,95,476,173,000275.xml,train
000276.jpg,0,718,500,3,237,100,472,189,000276.xml,test
000277.jpg,0,718,500,3,121,85,241,154,000277.xml,train
000278.jpg,0,718,500,3,384,126,422,153,000278.xml,train
000279.jpg,0,718,500,3,307,118,387,180,000279.xml,train
000280.jpg,0,718,500,3,264,113,350,175,000280.xml,train
000281.jpg,0,718,500,3,387,143,477,201,000281.xml,train
000282.jpg,0,718,500,3,291,179,387,253,000282.xml,train
000283.jpg,0,718,500,3,185,44,536,363,000283.xml,train
000284.jpg,0,718,500,3,223,170,319,245,000284.xml,val
000285.jpg,0,718,500,3,198,80,441,274,000285.xml,train
000286.jpg,0,718,500,3,292,125,390,193,000286.xml,train
000287.jpg,0,718,500,3,167,73,551,435,000287.xml,val
000288.jpg,0,718,500,3,216,87,562,404,000288.xml,train
000289.jpg,0,718,500,3,408,135,562,213,000289.xml,train
000290.jpg,0,718,500,3,308,173,395,264,000290.xml,train
000291.jpg,1,718,500,3,140,170,215,299,000291.xml,train
000292.jpg,0,498,429,3,19,114,475,389,000292.xml,train
000293.jpg,0,498,429,3,176,184,272,298,000293.xml,train
000294.jpg,0,498,429,3,148,196,213,242,000294.xml,train
000295.jpg,0,718,500,3,199,105,492,438,000295.xml,train
000296.jpg,0,718,500,3,292,122,530,440,000296.xml,train
000297.jpg,1,498,429,3,133,115,303,247,000297.xml,train
000298.jpg,1,498,429,3,159,68,288,241,000298.xml,val
000299.jpg,0,818,628,3,240,173,531,351,000299.xml,train
000300.jpg,0,818,628,3,363,167,584,356,000300.xml,test
000301.jpg,0,818,628,3,468,96,741,411,000301.xml,train
000302.jpg,0,818,628,3,476,124,571,204,000302.xml,train
000303.jpg,0,818,628,3,254,99,680,400,000303.xml,train
000304.jpg,0,718,500,3,103,118,602,345,000304.xml,test
000305.jpg,0,718,500,3,319,74,393,135,000305.xml,val
000306.jpg,0,718,500,3,425,116,508,179,000306.xml,train
000307.jpg,0,718,500,3,57,88,594,308,000307.xml,test
000308.jpg,0,718,500,3,337,189,395,236,000308.xml,train
000309.jpg,0,718,500,3,222,161,294,232,000309.xml,train
000310.jpg,0,718,500,3,269,193,417,289,000310.xml,train
000311.jpg,0,718,500,3,84,107,649,430,000311.xml,train
000312.jpg,0,718,500,3,129,109,540,441,000312.xml,train
000313.jpg,0,718,500,3,367,139,440,180,000313.xml,train
000314.jpg,0,718,500,3,85,39,638,344,000314.xml,train
000315.jpg,0,718,500,3,212,38,619,345,000315.xml,train
000316.jpg,0,718,500,3,349,61,625,270,000316.xml,train
000317.jpg,0,718,500,3,198,90,584,360,000317.xml,val
000318.jpg,0,718,500,3,255,115,505,267,000318.xml,test
000319.jpg,0,718,500,3,186,72,613,306,000319.xml,train
000320.jpg,0,718,500,3,339,122,477,189,000320.xml,train
000321.jpg,1,498,429,3,75,119,200,231,000321.xml,val
000322.jpg,1,498,429,3,143,110,282,221,000322.xml,train
000323.jpg,0,718,500,3,102,108,580,426,000323.xml,test
000324.jpg,0,718,500,3,78,83,528,395,000324.xml,train
000325.jpg,0,718,500,3,215,51,333,147,000325.xml,train
000326.jpg,0,718,500,3,385,155,489,264,000326.xml,train
000327.jpg,0,718,500,3,348,103,413,135,000327.xml,train
000328.jpg,0,718,500,3,354,170,451,287,000328.xml,train
000329.jpg,0,718,500,3,436,159,522,295,000329.xml,train
000330.jpg,0,718,500,3,354,98,435,138,000330.xml,train
000331.jpg,0,718,500,3,341,240,388,260,000331.xml,val
000332.jpg,0,718,500,3,215,280,266,319,000332.xml,train
000333.jpg,0,498,429,3,239,95,420,211,000333.xml,train
000334.jpg,0,498,429,3,235,139,321,219,000334.xml,train
000335.jpg,0,498,429,3,200,104,344,164,000335.xml,train
000336.jpg,0,498,429,3,170,73,354,185,000336.xml,train
000337.jpg,0,498,429,3,213,66,393,178,000337.xml,test
000338.jpg,0,498,429,3,165,81,265,142,000338.xml,train
000339.jpg,0,818,628,3,302,149,543,295,000339.xml,test
000340.jpg,0,818,628,3,274,116,488,273,000340.xml,train
000341.jpg,0,718,500,3,151,87,640,335,000341.xml,train
000342.jpg,0,718,500,3,412,247,471,296,000342.xml,test
000343.jpg,0,718,500,3,353,99,464,169,000343.xml,train
000344.jpg,0,718,500,3,331,127,519,242,000344.xml,train
000345.jpg,0,718,500,3,283,259,433,348,000345.xml,val
000346.jpg,0,718,500,3,369,147,446,221,000346.xml,train
000347.jpg,0,718,500,3,489,127,577,213,000347.xml,train
000348.jpg,0,718,500,3,155,79,588,418,000348.xml,train
000349.jpg,0,718,500,3,241,117,650,386,000349.xml,test
000350.jpg,0,718,500,3,203,105,619,427,000350.xml,train
000351.jpg,0,718,500,3,332,140,631,374,000351.xml,train
000352.jpg,1,498,429,3,131,105,277,237,000352.xml,train
000353.jpg,0,718,500,3,240,210,390,355,000353.xml,train
000354.jpg,1,498,429,3,164,99,314,230,000354.xml,train
000355.jpg,1,498,429,3,277,53,484,249,000355.xml,train
000356.jpg,0,718,500,3,427,115,491,163,000356.xml,train
000357.jpg,0,718,500,3,365,211,538,386,000357.xml,train
000358.jpg,0,718,500,3,245,193,434,379,000358.xml,train
000359.jpg,0,718,500,3,354,260,388,299,000359.xml,train
000360.jpg,0,718,500,3,224,126,587,333,000360.xml,train
000361.jpg,0,718,500,3,277,130,519,264,000361.xml,test
000362.jpg,0,718,500,3,283,106,437,229,000362.xml,train
000363.jpg,0,718,500,3,90,86,635,391,000363.xml,test
000364.jpg,0,718,500,3,129,105,522,423,000364.xml,train
000365.jpg,0,718,500,3,371,191,411,209,000365.xml,train
000366.jpg,0,718,500,3,500,188,569,252,000366.xml,test
000367.jpg,0,718,500,3,208,87,317,195,000367.xml,train
000368.jpg,0,498,429,3,177,87,206,112,000368.xml,train
000369.jpg,0,498,429,3,218,95,319,154,000369.xml,val
000370.jpg,0,718,500,3,356,90,400,122,000370.xml,train
000371.jpg,0,718,500,3,192,127,374,258,000371.xml,test
000372.jpg,0,718,500,3,205,122,372,243,000372.xml,train
000373.jpg,0,818,628,3,290,279,397,350,000373.xml,train
000374.jpg,0,818,628,3,429,181,522,259,000374.xml,val
000375.jpg,0,818,628,3,311,207,380,278,000375.xml,train
000376.jpg,0,818,628,3,360,167,466,232,000376.xml,train
000377.jpg,0,718,500,3,140,63,630,327,000377.xml,train
000378.jpg,0,718,500,3,128,61,561,323,000378.xml,train
000379.jpg,0,718,500,3,189,192,225,238,000379.xml,test
000380.jpg,0,718,500,3,372,359,389,389,000380.xml,train
000381.jpg,0,718,500,3,537,220,651,359,000381.xml,train
000382.jpg,0,718,500,3,490,234,614,368,000382.xml,test
000383.jpg,0,718,500,3,330,110,390,151,000383.xml,train
000384.jpg,0,718,500,3,338,190,460,284,000384.xml,train
000385.jpg,0,818,628,3,108,159,202,234,000385.xml,test
000386.jpg,1,498,429,3,58,101,206,227,000386.xml,val
000387.jpg,0,498,429,3,109,81,307,208,000387.xml,test
000388.jpg,0,498,429,3,153,91,205,120,000388.xml,train
000389.jpg,0,498,429,3,171,77,253,147,000389.xml,val
000390.jpg,0,718,500,3,285,84,425,162,000390.xml,train
000391.jpg,0,818,628,3,211,96,645,521,000391.xml,train
000392.jpg,0,718,500,3,386,148,493,210,000392.xml,train
000393.jpg,0,818,628,3,470,201,554,250,000393.xml,train
000394.jpg,0,818,628,3,421,176,663,345,000394.xml,train
000395.jpg,0,818,628,3,403,206,529,373,000395.xml,train
000396.jpg,0,818,628,3,390,169,629,332,000396.xml,val
000397.jpg,0,718,500,3,248,156,316,194,000397.xml,train
000398.jpg,0,718,500,3,345,170,510,282,000398.xml,train
000399.jpg,0,718,500,3,233,180,386,290,000399.xml,train
000400.jpg,0,718,500,3,393,95,446,151,000400.xml,test
000401.jpg,0,718,500,3,311,79,394,140,000401.xml,train
000402.jpg,0,818,628,3,212,98,364,177,000402.xml,train
000403.jpg,0,718,500,3,82,133,546,338,000403.xml,train
000404.jpg,0,718,500,3,138,118,533,332,000404.xml,train
000405.jpg,0,718,500,3,182,62,337,171,000405.xml,test
000406.jpg,0,718,500,3,313,66,543,236,000406.xml,train
000407.jpg,0,718,500,3,451,58,593,146,000407.xml,train
000408.jpg,0,718,500,3,207,106,402,227,000408.xml,train
000409.jpg,0,718,500,3,220,167,279,211,000409.xml,val
000410.jpg,0,818,628,3,235,217,303,265,000410.xml,test
000411.jpg,1,498,429,3,178,125,323,251,000411.xml,train
000412.jpg,1,498,429,3,191,80,348,245,000412.xml,val
000413.jpg,0,718,500,3,351,60,514,136,000413.xml,test
000414.jpg,0,718,500,3,296,148,473,239,000414.xml,train
000415.jpg,0,818,628,3,436,150,530,207,000415.xml,test
000416.jpg,1,498,429,3,168,114,352,243,000416.xml,test
000417.jpg,0,718,500,3,145,139,627,385,000417.xml,train
000418.jpg,0,718,500,3,36,143,400,349,000418.xml,train
000419.jpg,0,718,500,3,123,158,239,254,000419.xml,train
000420.jpg,0,718,500,3,273,130,297,162,000420.xml,val
000421.jpg,0,718,500,3,365,98,388,130,000421.xml,test
000422.jpg,0,818,628,3,608,193,638,223,000422.xml,train
000423.jpg,0,818,628,3,347,159,429,228,000423.xml,train
000424.jpg,0,818,628,3,428,161,499,231,000424.xml,train
000425.jpg,0,718,500,3,482,81,519,119,000425.xml,train
000426.jpg,0,718,500,3,280,158,501,248,000426.xml,train
000427.jpg,0,718,500,3,232,108,606,357,000427.xml,train
000428.jpg,0,818,628,3,192,261,259,313,000428.xml,train
000429.jpg,0,718,500,3,302,126,465,252,000429.xml,train
000430.jpg,0,818,628,3,475,237,546,282,000430.xml,test
000431.jpg,0,718,500,3,263,106,366,155,000431.xml,train
000432.jpg,0,718,500,3,281,162,324,216,000432.xml,test
000433.jpg,0,718,500,3,435,172,480,211,000433.xml,test
000434.jpg,0,718,500,3,511,93,662,203,000434.xml,train
000435.jpg,0,818,628,3,290,161,482,282,000435.xml,train
000436.jpg,0,818,628,3,325,116,399,169,000436.xml,train
000437.jpg,0,718,500,3,168,189,357,391,000437.xml,train
000438.jpg,0,718,500,3,224,220,433,423,000438.xml,test
000439.jpg,0,818,628,3,253,113,541,268,000439.xml,train
000440.jpg,0,818,628,3,104,105,767,435,000440.xml,train
000441.jpg,0,818,628,3,297,125,570,245,000441.xml,train
000442.jpg,0,718,500,3,284,114,314,152,000442.xml,train
000443.jpg,0,818,628,3,514,171,661,308,000443.xml,train
000444.jpg,0,718,500,3,316,147,458,276,000444.xml,train
000445.jpg,0,718,500,3,139,163,216,228,000445.xml,test
000446.jpg,0,718,500,3,347,103,421,151,000446.xml,train
000447.jpg,0,718,500,3,104,81,233,194,000447.xml,train
000448.jpg,0,718,500,3,307,215,352,267,000448.xml,train
000449.jpg,0,818,628,3,260,224,301,292,000449.xml,train
000450.jpg,0,718,500,3,403,91,454,133,000450.xml,train
000451.jpg,0,718,500,3,276,141,429,236,000451.xml,test
000452.jpg,0,718,500,3,244,192,309,239,000452.xml,train
000453.jpg,0,718,500,3,350,188,404,230,000453.xml,train
000454.jpg,0,498,429,3,268,116,314,145,000454.xml,train
000455.jpg,0,718,500,3,352,66,494,164,000455.xml,test
000456.jpg,0,818,628,3,179,169,297,259,000456.xml,train
000457.jpg,0,492,391,3,131,178,203,231,000457.xml,train
000458.jpg,0,498,429,3,225,141,366,214,000458.xml,train
000459.jpg,0,498,429,3,179,93,212,115,000459.xml,test
000460.jpg,0,718,500,3,223,123,354,188,000460.xml,test
000461.jpg,0,718,500,3,195,119,325,188,000461.xml,test
000462.jpg,0,718,500,3,315,168,386,218,000462.xml,train
000463.jpg,0,718,500,3,245,175,293,227,000463.xml,train
000464.jpg,1,498,429,3,229,130,402,264,000464.xml,train
000465.jpg,0,718,500,3,490,67,610,129,000465.xml,val
000466.jpg,0,718,500,3,263,147,341,210,000466.xml,train
000467.jpg,0,498,429,3,80,107,445,346,000467.xml,train
000468.jpg,0,498,429,3,90,58,433,335,000468.xml,test
000469.jpg,0,818,628,3,411,240,507,305,000469.xml,train
000470.jpg,0,818,628,3,381,122,544,224,000470.xml,train
000471.jpg,0,718,500,3,356,172,539,312,000471.xml,val
000472.jpg,0,718,500,3,385,182,559,320,000472.xml,train
000473.jpg,0,501,458,3,130,159,338,289,000473.xml,train
000474.jpg,0,718,500,3,138,112,229,187,000474.xml,val
000475.jpg,0,718,500,3,289,183,333,219,000475.xml,train
000476.jpg,0,718,500,3,503,134,550,186,000476.xml,train
000477.jpg,0,718,500,3,243,195,269,228,000477.xml,train
000478.jpg,0,718,500,3,390,126,426,167,000478.xml,train
000479.jpg,0,718,500,3,332,131,373,171,000479.xml,train
000480.jpg,0,718,500,3,220,168,284,230,000480.xml,train
000481.jpg,0,818,628,3,416,197,492,275,000481.xml,train
000482.jpg,1,498,429,3,273,60,441,197,000482.xml,val
000483.jpg,1,498,429,3,271,67,452,210,000483.xml,test
000484.jpg,0,718,500,3,196,87,247,129,000484.xml,train
000485.jpg,0,501,458,3,145,153,282,246,000485.xml,train
000486.jpg,0,718,500,3,305,82,341,109,000486.xml,train
000487.jpg,0,718,500,3,289,118,334,162,000487.xml,test
000488.jpg,0,718,500,3,468,123,501,150,000488.xml,train
000489.jpg,0,818,628,3,500,146,556,186,000489.xml,train
000490.jpg,0,818,628,3,346,194,436,238,000490.xml,train
000491.jpg,0,818,628,3,306,248,358,291,000491.xml,train
000492.jpg,1,498,429,3,272,56,449,195,000492.xml,train
000493.jpg,0,818,628,3,390,214,531,320,000493.xml,train
000494.jpg,0,818,628,3,387,218,524,322,000494.xml,train
000495.jpg,0,818,628,3,536,217,627,271,000495.xml,train
000496.jpg,0,498,429,3,52,47,463,269,000496.xml,test
000497.jpg,0,718,500,3,478,138,648,258,000497.xml,train
000498.jpg,1,498,429,3,284,51,447,189,000498.xml,train
000499.jpg,0,718,500,3,215,172,259,211,000499.xml,train
000500.jpg,1,498,429,3,231,57,410,198,000500.xml,train
000501.jpg,0,818,628,3,250,86,598,326,000501.xml,train
000502.jpg,0,818,628,3,216,93,570,336,000502.xml,val
000503.jpg,0,718,500,3,204,79,567,337,000503.xml,train
000504.jpg,0,718,500,3,424,118,492,158,000504.xml,train
000505.jpg,0,818,628,3,155,238,249,308,000505.xml,train
000506.jpg,0,818,628,3,306,195,473,309,000506.xml,train
000507.jpg,0,718,500,3,259,186,305,230,000507.xml,train
000508.jpg,0,718,500,3,289,135,352,191,000508.xml,train
000509.jpg,0,718,500,3,187,93,582,328,000509.xml,train
000510.jpg,0,718,500,3,251,121,272,150,000510.xml,train
000511.jpg,0,718,500,3,236,158,259,192,000511.xml,train
000512.jpg,1,498,429,3,178,53,404,203,000512.xml,test
000513.jpg,1,498,429,3,227,60,394,212,000513.xml,test
000514.jpg,0,718,500,3,342,127,454,184,000514.xml,train
000515.jpg,0,439,368,3,281,109,337,154,000515.xml,train
000516.jpg,0,718,500,3,358,164,413,207,000516.xml,train
000517.jpg,0,718,500,3,260,188,312,223,000517.xml,train
000518.jpg,0,718,500,3,271,111,357,171,000518.xml,train
000519.jpg,0,718,500,3,253,188,361,271,000519.xml,test
000520.jpg,1,718,500,3,210,184,403,314,000520.xml,train
000521.jpg,0,818,628,3,346,174,495,296,000521.xml,train
000522.jpg,0,818,628,3,365,176,510,284,000522.xml,train
000523.jpg,0,818,628,3,280,169,401,277,000523.xml,val
000524.jpg,0,818,628,3,239,127,416,227,000524.xml,train
000525.jpg,0,718,500,3,421,168,465,210,000525.xml,train
000526.jpg,1,718,500,3,311,196,441,318,000526.xml,train
000527.jpg,0,718,500,3,484,235,517,275,000527.xml,train
000528.jpg,0,498,429,3,134,78,309,149,000528.xml,train
000529.jpg,0,818,628,3,301,288,395,328,000529.xml,train
000530.jpg,0,718,500,3,416,270,450,308,000530.xml,train
000531.jpg,0,498,429,3,311,68,342,103,000531.xml,train
000532.jpg,0,818,628,3,411,206,581,328,000532.xml,train
000533.jpg,0,718,500,3,337,180,394,226,000533.xml,train
000534.jpg,0,818,628,3,402,275,499,362,000534.xml,train
000535.jpg,0,718,500,3,145,170,295,286,000535.xml,train
000536.jpg,0,718,500,3,425,130,525,199,000536.xml,val
000537.jpg,0,718,500,3,197,106,316,215,000537.xml,test
000538.jpg,0,718,500,3,272,140,308,178,000538.xml,train
000539.jpg,1,718,500,3,410,187,579,297,000539.xml,train
000540.jpg,0,818,628,3,137,156,570,410,000540.xml,train
000541.jpg,0,818,628,3,453,264,546,303,000541.xml,test
000542.jpg,0,818,628,3,191,245,233,279,000542.xml,train
000543.jpg,0,718,500,3,225,97,301,143,000543.xml,train
000544.jpg,0,718,500,3,381,224,436,271,000544.xml,train
000545.jpg,0,718,500,3,251,200,301,238,000545.xml,test
000546.jpg,0,718,500,3,299,148,377,204,000546.xml,test
000547.jpg,0,718,500,3,373,105,581,227,000547.xml,train
000548.jpg,0,718,500,3,313,191,402,250,000548.xml,val
000549.jpg,0,718,500,3,474,219,504,248,000549.xml,val
000550.jpg,0,718,500,3,500,99,581,137,000550.xml,train
000551.jpg,0,498,429,3,133,72,296,154,000551.xml,train
000552.jpg,0,718,500,3,411,125,458,163,000552.xml,train
000553.jpg,0,818,628,3,514,154,628,234,000553.xml,train
000554.jpg,0,718,500,3,338,223,397,251,000554.xml,test
000555.jpg,0,718,500,3,260,182,299,215,000555.xml,train
000556.jpg,0,818,628,3,344,160,399,200,000556.xml,val
000557.jpg,0,718,500,3,370,113,448,171,000557.xml,train
000558.jpg,0,718,500,3,299,129,386,174,000558.xml,train
000559.jpg,0,439,368,3,123,99,313,179,000559.xml,train
000560.jpg,0,439,368,3,167,95,333,188,000560.xml,train
000561.jpg,0,718,500,3,340,105,376,140,000561.xml,val
000562.jpg,0,718,500,3,388,126,425,159,000562.xml,train
000563.jpg,1,718,500,3,309,57,393,140,000563.xml,val
000564.jpg,1,718,500,3,323,182,406,278,000564.xml,train
000565.jpg,0,718,500,3,103,196,303,306,000565.xml,val
000566.jpg,0,718,500,3,323,129,362,166,000566.xml,test
000567.jpg,0,718,500,3,219,137,259,159,000567.xml,train
000568.jpg,0,718,500,3,220,60,397,167,000568.xml,train
000569.jpg,0,718,500,3,217,57,373,127,000569.xml,val
000570.jpg,0,718,500,3,83,130,143,171,000570.xml,train
000571.jpg,0,718,500,3,189,62,551,335,000571.xml,train
000572.jpg,0,718,500,3,74,123,212,302,000572.xml,train
000573.jpg,0,718,500,3,223,65,527,317,000573.xml,test
000574.jpg,0,718,500,3,428,93,603,203,000574.xml,train
000575.jpg,0,718,500,3,334,125,385,159,000575.xml,train
000576.jpg,0,718,500,3,382,155,417,210,000576.xml,test
000577.jpg,0,718,500,3,288,98,526,226,000577.xml,train
000578.jpg,0,718,500,3,197,146,279,186,000578.xml,train
000579.jpg,0,718,500,3,197,129,253,167,000579.xml,test
000580.jpg,0,718,500,3,143,106,578,345,000580.xml,val
000581.jpg,0,718,500,3,150,121,200,170,000581.xml,train
000582.jpg,0,718,500,3,311,142,353,187,000582.xml,test
000583.jpg,0,439,368,3,273,112,312,159,000583.xml,val
000584.jpg,0,439,368,3,262,113,297,146,000584.xml,train
000585.jpg,0,498,429,3,259,82,306,119,000585.xml,train
000586.jpg,0,718,500,3,409,89,468,142,000586.xml,train
000587.jpg,0,718,500,3,235,135,287,178,000587.xml,val
000588.jpg,0,718,500,3,261,131,497,234,000588.xml,train
000589.jpg,0,718,500,3,345,90,404,126,000589.xml,train
000590.jpg,0,718,500,3,346,109,396,133,000590.xml,train
000591.jpg,0,718,500,3,327,78,472,183,000591.xml,train
000592.jpg,0,818,628,3,448,330,539,393,000592.xml,train
000593.jpg,0,718,500,3,257,126,360,190,000593.xml,train
000594.jpg,0,718,500,3,353,166,470,306,000594.xml,train
000595.jpg,0,818,628,3,275,193,328,235,000595.xml,train
000596.jpg,0,718,500,3,295,119,350,164,000596.xml,train
000597.jpg,0,718,500,3,342,95,424,148,000597.xml,train
000598.jpg,0,718,500,3,168,123,220,166,000598.xml,val
000599.jpg,0,718,500,3,374,167,593,294,000599.xml,train
000600.jpg,0,498,429,3,318,101,378,124,000600.xml,train
000601.jpg,0,498,429,3,249,217,330,272,000601.xml,test
000602.jpg,0,718,500,3,511,163,639,294,000602.xml,train
000603.jpg,0,718,500,3,381,118,589,256,000603.xml,train
000604.jpg,0,718,500,3,265,159,325,214,000604.xml,train
000605.jpg,0,718,500,3,288,158,357,215,000605.xml,test
000606.jpg,0,718,500,3,434,143,497,202,000606.xml,test
000607.jpg,0,718,500,3,316,86,361,142,000607.xml,test
000608.jpg,0,718,500,3,300,105,332,134,000608.xml,train
000609.jpg,0,718,500,3,341,133,381,159,000609.xml,train
000610.jpg,0,718,500,3,259,138,320,176,000610.xml,train
000611.jpg,0,718,500,3,448,212,485,243,000611.xml,train
000612.jpg,0,718,500,3,394,53,497,114,000612.xml,train
000613.jpg,0,718,500,3,295,39,404,109,000613.xml,train
000614.jpg,0,718,500,3,245,45,381,102,000614.xml,train
000615.jpg,0,718,500,3,197,117,272,148,000615.xml,train
000616.jpg,0,718,500,3,240,204,350,327,000616.xml,train
000617.jpg,0,718,500,3,373,159,489,226,000617.xml,train
000618.jpg,1,498,429,3,185,139,271,224,000618.xml,train
000619.jpg,1,498,429,3,157,143,245,227,000619.xml,train
000620.jpg,1,498,429,3,174,154,261,243,000620.xml,train
000621.jpg,0,818,628,3,442,362,605,526,000621.xml,train
000622.jpg,0,818,628,3,442,322,624,492,000622.xml,train
000623.jpg,0,818,628,3,424,336,584,505,000623.xml,test
000624.jpg,0,818,628,3,357,173,668,443,000624.xml,val
000625.jpg,0,818,628,3,211,126,608,413,000625.xml,train
000626.jpg,0,818,628,3,381,325,551,495,000626.xml,train
000627.jpg,1,718,500,3,268,146,392,260,000627.xml,val
000628.jpg,0,818,628,3,404,177,500,225,000628.xml,train
000629.jpg,1,718,500,3,535,140,639,199,000629.xml,train
000630.jpg,0,818,628,3,469,186,544,242,000630.xml,test
000631.jpg,0,818,628,3,551,174,729,308,000631.xml,train
000632.jpg,0,718,500,3,172,49,450,286,000632.xml,train
000633.jpg,0,718,500,3,280,167,402,252,000633.xml,train
000634.jpg,0,718,500,3,185,30,502,246,000634.xml,test
000635.jpg,0,718,500,3,276,72,386,183,000635.xml,test
000636.jpg,0,718,500,3,281,66,607,333,000636.xml,train
000637.jpg,0,718,500,3,287,58,422,172,000637.xml,test
000638.jpg,0,919,646,3,224,155,588,401,000638.xml,val
000639.jpg,0,718,500,3,328,133,412,186,000639.xml,train
000640.jpg,0,718,500,3,473,152,535,194,000640.xml,train
000641.jpg,0,718,500,3,317,147,362,192,000641.xml,test
000642.jpg,0,718,500,3,304,164,546,339,000642.xml,train
000643.jpg,0,498,429,3,201,150,268,201,000643.xml,train
000644.jpg,0,498,429,3,234,160,299,206,000644.xml,train
000645.jpg,0,718,500,3,207,139,321,248,000645.xml,train
000646.jpg,1,718,500,3,495,145,576,199,000646.xml,test
000647.jpg,1,718,500,3,167,59,490,271,000647.xml,train
000648.jpg,0,718,500,3,203,81,404,179,000648.xml,train
000649.jpg,0,718,500,3,372,118,502,203,000649.xml,test
000650.jpg,0,718,500,3,199,211,277,312,000650.xml,train
000651.jpg,0,718,500,3,321,236,476,328,000651.xml,test
000652.jpg,0,718,500,3,311,170,454,279,000652.xml,test
000653.jpg,0,718,500,3,287,171,454,291,000653.xml,train
000654.jpg,0,718,500,3,369,180,478,320,000654.xml,train
000655.jpg,0,919,646,3,330,29,528,161,000655.xml,val
000656.jpg,0,718,500,3,434,195,473,242,000656.xml,train
000657.jpg,0,718,500,3,330,89,438,182,000657.xml,train
000658.jpg,0,718,500,3,410,107,489,180,000658.xml,train
000659.jpg,0,718,500,3,299,110,410,178,000659.xml,train
000660.jpg,0,919,646,3,504,271,550,319,000660.xml,train
000661.jpg,0,718,500,3,95,101,541,389,000661.xml,train
000662.jpg,0,498,429,3,166,129,246,185,000662.xml,train
000663.jpg,0,498,429,3,78,41,331,269,000663.xml,train
000664.jpg,0,718,500,3,300,135,361,168,000664.xml,train
000665.jpg,0,718,500,3,295,109,333,152,000665.xml,train
000666.jpg,1,718,500,3,337,89,514,238,000666.xml,train
000667.jpg,1,718,500,3,203,79,546,326,000667.xml,train
000668.jpg,1,718,500,3,179,177,355,321,000668.xml,train
000669.jpg,0,718,500,3,378,111,493,184,000669.xml,test
000670.jpg,0,498,429,3,132,43,306,125,000670.xml,train
000671.jpg,0,498,429,3,342,84,384,133,000671.xml,train
000672.jpg,0,498,429,3,135,216,286,276,000672.xml,train
000673.jpg,0,818,628,3,110,157,178,235,000673.xml,train
000674.jpg,0,818,628,3,279,153,517,367,000674.xml,train
000675.jpg,0,718,500,3,265,135,353,192,000675.xml,train
000676.jpg,0,718,500,3,409,184,453,231,000676.xml,train
000677.jpg,0,718,500,3,281,188,337,238,000677.xml,val
000678.jpg,0,439,368,3,237,166,273,200,000678.xml,train
000679.jpg,1,818,628,3,382,115,476,200,000679.xml,train
000680.jpg,1,818,628,3,273,288,402,389,000680.xml,train
000681.jpg,1,718,500,3,364,151,417,226,000681.xml,train
000682.jpg,1,718,500,3,493,154,539,215,000682.xml,train
000683.jpg,1,718,500,3,230,169,420,314,000683.xml,train
000684.jpg,1,818,628,3,449,133,539,223,000684.xml,train
000685.jpg,1,718,500,3,179,53,344,210,000685.xml,val
000686.jpg,1,718,500,3,342,111,472,183,000686.xml,train
000687.jpg,1,718,500,3,357,45,559,187,000687.xml,train
000688.jpg,1,718,500,3,396,53,569,183,000688.xml,train
000689.jpg,1,718,500,3,333,53,501,199,000689.xml,test
000690.jpg,1,718,500,3,292,130,428,232,000690.xml,test
000691.jpg,1,718,500,3,231,69,344,160,000691.xml,test
000692.jpg,1,718,500,3,326,91,420,171,000692.xml,train
000693.jpg,1,718,500,3,296,109,392,222,000693.xml,train
000694.jpg,1,718,500,3,316,142,433,208,000694.xml,train
000695.jpg,1,718,500,3,311,118,475,214,000695.xml,test
000696.jpg,1,718,500,3,336,47,497,186,000696.xml,train
000697.jpg,1,818,628,3,347,136,418,217,000697.xml,train
000698.jpg,1,718,500,3,294,78,467,197,000698.xml,val
000699.jpg,1,718,500,3,363,231,434,305,000699.xml,train
000700.jpg,1,919,646,3,388,107,494,243,000700.xml,train
000701.jpg,1,919,646,3,266,119,328,193,000701.xml,val
000702.jpg,1,919,646,3,181,239,268,369,000702.xml,test
000703.jpg,1,718,500,3,317,111,385,219,000703.xml,train
000704.jpg,1,718,500,3,284,122,345,203,000704.xml,val
000705.jpg,1,818,628,3,348,170,434,255,000705.xml,train
000706.jpg,1,818,628,3,249,217,351,323,000706.xml,train
000707.jpg,1,718,500,3,301,66,482,155,000707.xml,train
000708.jpg,1,718,500,3,133,70,297,178,000708.xml,train
000709.jpg,1,718,500,3,382,83,559,204,000709.xml,test
000710.jpg,1,718,500,3,128,42,289,154,000710.xml,test
000711.jpg,1,439,368,3,150,58,379,194,000711.xml,train
000712.jpg,1,439,368,3,146,51,365,196,000712.xml,test
000713.jpg,1,718,500,3,168,152,225,223,000713.xml,val
000714.jpg,1,718,500,3,357,126,416,204,000714.xml,test
000715.jpg,1,718,500,3,403,120,491,205,000715.xml,train
000716.jpg,1,718,500,3,296,115,390,210,000716.xml,train
000717.jpg,1,439,368,3,102,146,240,260,000717.xml,val
000718.jpg,1,439,368,3,210,123,342,230,000718.xml,train
000719.jpg,1,439,368,3,258,90,342,170,000719.xml,train
000720.jpg,1,718,500,3,380,240,461,327,000720.xml,train
000721.jpg,1,718,500,3,255,61,396,194,000721.xml,train
000722.jpg,1,718,500,3,263,58,400,162,000722.xml,val
000723.jpg,1,718,500,3,279,94,401,202,000723.xml,train
000724.jpg,1,718,500,3,313,81,586,203,000724.xml,train
000725.jpg,1,718,500,3,264,89,369,182,000725.xml,train
000726.jpg,1,718,500,3,319,137,392,214,000726.xml,train
000727.jpg,1,718,500,3,367,65,545,250,000727.xml,train
000728.jpg,1,919,646,3,129,121,452,353,000728.xml,test
000729.jpg,1,919,646,3,183,105,540,357,000729.xml,train
000730.jpg,1,919,646,3,264,103,608,367,000730.xml,val
000731.jpg,1,919,646,3,322,207,474,369,000731.xml,train
000732.jpg,1,919,646,3,236,99,414,271,000732.xml,train
000733.jpg,1,718,500,3,370,31,565,197,000733.xml,train
000734.jpg,1,498,429,3,143,90,206,146,000734.xml,train
000735.jpg,1,498,429,3,152,114,195,148,000735.xml,test
000736.jpg,1,718,500,3,340,61,464,202,000736.xml,train
000737.jpg,1,718,500,3,301,83,405,196,000737.xml,train
000738.jpg,1,718,500,3,220,186,301,283,000738.xml,train
000739.jpg,1,718,500,3,364,142,452,251,000739.xml,train
000740.jpg,1,718,500,3,253,119,358,214,000740.xml,train
000741.jpg,1,718,500,3,219,114,332,212,000741.xml,train
000742.jpg,1,718,500,3,319,33,368,109,000742.xml,train
000743.jpg,1,718,500,3,224,105,319,184,000743.xml,test
000744.jpg,1,498,429,3,282,101,321,146,000744.xml,train
000745.jpg,1,718,500,3,376,87,477,185,000745.xml,test
000746.jpg,1,718,500,3,349,183,410,262,000746.xml,train
000747.jpg,1,718,500,3,211,67,602,337,000747.xml,train
000748.jpg,1,718,500,3,216,74,300,160,000748.xml,train
000749.jpg,1,818,628,3,331,224,421,320,000749.xml,train
000750.jpg,1,718,500,3,158,39,468,248,000750.xml,test
000751.jpg,1,818,628,3,357,164,431,294,000751.xml,train
000752.jpg,1,718,500,3,288,140,372,210,000752.xml,train
000753.jpg,1,718,500,3,279,139,361,218,000753.xml,train
000754.jpg,1,718,500,3,401,170,453,218,000754.xml,train
000755.jpg,1,818,628,3,363,208,435,274,000755.xml,train
000756.jpg,1,818,628,3,154,178,212,279,000756.xml,test
000757.jpg,1,818,628,3,424,254,495,347,000757.xml,train
000758.jpg,1,818,628,3,341,99,428,204,000758.xml,val
000759.jpg,1,818,628,3,460,86,564,171,000759.xml,test
000760.jpg,1,818,628,3,465,85,558,164,000760.xml,test
000761.jpg,1,718,500,3,424,210,513,307,000761.xml,train
000762.jpg,1,718,500,3,309,161,366,219,000762.xml,test
000763.jpg,1,818,628,3,385,184,517,309,000763.xml,train
000764.jpg,1,718,500,3,271,109,543,339,000764.xml,train
000765.jpg,1,718,500,3,259,101,562,284,000765.xml,val
000766.jpg,1,718,500,3,252,71,497,283,000766.xml,train
000767.jpg,1,718,500,3,366,82,453,191,000767.xml,train
000768.jpg,1,718,500,3,292,82,380,179,000768.xml,train
000769.jpg,1,818,628,3,347,83,411,159,000769.xml,train
000770.jpg,1,718,500,3,298,111,484,288,000770.xml,train
000771.jpg,1,718,500,3,293,77,413,187,000771.xml,val
000772.jpg,1,718,500,3,269,71,412,196,000772.xml,val
000773.jpg,1,718,500,3,292,77,428,195,000773.xml,test
000774.jpg,1,718,500,3,307,74,428,191,000774.xml,test
000775.jpg,1,818,628,3,375,117,544,301,000775.xml,train
000776.jpg,1,818,628,3,414,72,553,186,000776.xml,test
000777.jpg,1,919,646,3,430,247,560,373,000777.xml,train
000778.jpg,1,919,646,3,434,239,582,377,000778.xml,train
000779.jpg,1,718,500,3,306,234,415,324,000779.xml,test
000780.jpg,1,718,500,3,213,131,293,192,000780.xml,train
000781.jpg,1,718,500,3,291,119,364,188,000781.xml,train
000782.jpg,1,718,500,3,277,69,368,137,000782.xml,train
000783.jpg,1,718,500,3,319,91,390,159,000783.xml,train
000784.jpg,1,718,500,3,350,95,513,220,000784.xml,val
000785.jpg,1,718,500,3,388,94,558,220,000785.xml,test
000786.jpg,1,718,500,3,353,91,515,215,000786.xml,train
000787.jpg,1,718,500,3,348,122,429,243,000787.xml,val
000788.jpg,1,718,500,3,230,174,347,270,000788.xml,test
000789.jpg,1,818,628,3,343,150,466,250,000789.xml,train
000790.jpg,1,818,628,3,371,119,505,221,000790.xml,train
000791.jpg,1,818,628,3,381,122,483,234,000791.xml,train
000792.jpg,1,818,628,3,360,180,434,274,000792.xml,train
000793.jpg,1,818,628,3,363,135,412,188,000793.xml,test
000794.jpg,1,718,500,3,315,61,545,203,000794.xml,train
000795.jpg,1,818,628,3,537,252,598,316,000795.xml,val
000796.jpg,1,818,628,3,294,193,418,299,000796.xml,train
000797.jpg,1,818,628,3,286,251,372,367,000797.xml,test
000798.jpg,1,718,500,3,303,109,378,172,000798.xml,test
000799.jpg,1,818,628,3,402,289,485,386,000799.xml,train
000800.jpg,1,718,500,3,157,85,349,223,000800.xml,train
000801.jpg,1,818,628,3,534,255,696,441,000801.xml,train
000802.jpg,1,818,628,3,248,108,414,257,000802.xml,test
000803.jpg,1,818,628,3,151,113,307,258,000803.xml,train
000804.jpg,1,818,628,3,500,139,622,269,000804.xml,train
000805.jpg,1,818,628,3,350,156,493,286,000805.xml,train
000806.jpg,1,818,628,3,321,140,438,231,000806.xml,train
000807.jpg,1,818,628,3,204,115,374,257,000807.xml,test
000808.jpg,1,818,628,3,375,244,492,380,000808.xml,train
000809.jpg,1,718,500,3,449,250,547,367,000809.xml,test
000810.jpg,1,718,500,3,293,42,444,142,000810.xml,train
000811.jpg,1,818,628,3,442,172,618,335,000811.xml,train
000812.jpg,1,818,628,3,279,188,435,336,000812.xml,val
000813.jpg,1,818,628,3,374,201,526,369,000813.xml,train
000814.jpg,1,818,628,3,316,220,493,383,000814.xml,train
000815.jpg,1,718,500,3,308,131,410,227,000815.xml,test
000816.jpg,1,718,500,3,252,153,321,222,000816.xml,train
000817.jpg,1,718,500,3,385,99,513,164,000817.xml,train
000818.jpg,1,718,500,3,323,139,438,230,000818.xml,test
000819.jpg,1,718,500,3,421,204,497,292,000819.xml,train
000820.jpg,1,718,500,3,279,134,408,228,000820.xml,train
000821.jpg,1,718,500,3,248,109,402,234,000821.xml,train
000822.jpg,1,818,628,3,372,198,493,328,000822.xml,test
000823.jpg,1,818,628,3,385,144,537,267,000823.xml,val
000824.jpg,1,818,628,3,331,123,489,245,000824.xml,train
000825.jpg,1,818,628,3,323,123,510,238,000825.xml,train
000826.jpg,1,919,646,3,171,123,324,313,000826.xml,val
000827.jpg,1,919,646,3,400,129,540,261,000827.xml,train
000828.jpg,1,919,646,3,390,115,562,251,000828.xml,train
000829.jpg,1,919,646,3,378,109,626,257,000829.xml,train
000830.jpg,1,718,500,3,426,125,496,204,000830.xml,train
000831.jpg,1,718,500,3,303,134,382,191,000831.xml,val
000832.jpg,1,718,500,3,276,118,353,202,000832.xml,test
000833.jpg,1,718,500,3,324,121,378,200,000833.xml,train
000834.jpg,1,818,628,3,456,139,520,228,000834.xml,train
000835.jpg,1,818,628,3,399,156,500,262,000835.xml,train
000836.jpg,1,818,628,3,358,157,452,252,000836.xml,train
000837.jpg,1,818,628,3,357,220,466,313,000837.xml,train
000838.jpg,1,818,628,3,426,196,529,312,000838.xml,train
000839.jpg,1,718,500,3,209,176,376,298,000839.xml,train
000840.jpg,1,718,500,3,110,168,292,324,000840.xml,train
000841.jpg,1,718,500,3,296,137,401,266,000841.xml,test
000842.jpg,1,818,628,3,380,164,520,377,000842.xml,test
000843.jpg,1,818,628,3,422,159,672,372,000843.xml,train
000844.jpg,1,818,628,3,314,92,665,356,000844.xml,test
000845.jpg,1,818,628,3,289,102,637,352,000845.xml,test
000846.jpg,1,818,628,3,368,106,668,389,000846.xml,test
000847.jpg,1,818,628,3,311,152,648,394,000847.xml,val
000848.jpg,1,818,628,3,319,156,685,420,000848.xml,train
000849.jpg,1,818,628,3,301,144,651,406,000849.xml,train
000850.jpg,1,718,500,3,208,164,336,270,000850.xml,val
000851.jpg,1,818,628,3,412,214,449,279,000851.xml,train
000852.jpg,1,818,628,3,433,271,486,352,000852.xml,test
000853.jpg,1,818,628,3,336,267,385,339,000853.xml,train
000854.jpg,1,818,628,3,448,136,531,241,000854.xml,train
000855.jpg,1,718,500,3,257,175,332,284,000855.xml,test
000856.jpg,1,718,500,3,104,91,233,204,000856.xml,train
000857.jpg,1,718,500,3,136,135,309,295,000857.xml,train
000858.jpg,1,818,628,3,399,211,496,325,000858.xml,test
000859.jpg,1,818,628,3,353,213,482,325,000859.xml,train
000860.jpg,1,818,628,3,428,183,479,242,000860.xml,train
000861.jpg,1,718,500,3,200,196,345,319,000861.xml,test
000862.jpg,1,718,500,3,476,69,565,137,000862.xml,val
000863.jpg,1,718,500,3,348,74,426,154,000863.xml,train
000864.jpg,1,718,500,3,393,182,444,232,000864.xml,train
000865.jpg,1,718,500,3,295,148,377,224,000865.xml,val
000866.jpg,1,718,500,3,406,158,466,222,000866.xml,train
000867.jpg,1,718,500,3,248,267,308,321,000867.xml,train
000868.jpg,1,718,500,3,267,89,357,194,000868.xml,train
000869.jpg,1,718,500,3,293,89,377,192,000869.xml,train
000870.jpg,1,718,500,3,259,171,340,228,000870.xml,test
000871.jpg,1,718,500,3,249,211,317,274,000871.xml,train
000872.jpg,1,818,628,3,524,197,594,296,000872.xml,train
000873.jpg,1,818,628,3,316,197,405,296,000873.xml,train
000874.jpg,1,818,628,3,307,187,395,274,000874.xml,train
000875.jpg,1,718,500,3,307,176,406,299,000875.xml,train
000876.jpg,1,718,500,3,280,156,396,288,000876.xml,train
000877.jpg,1,718,500,3,354,151,478,295,000877.xml,train
000878.jpg,1,718,500,3,169,121,324,239,000878.xml,train
000879.jpg,1,718,500,3,189,134,317,223,000879.xml,train
000880.jpg,1,718,500,3,285,102,364,227,000880.xml,test
000881.jpg,1,718,500,3,185,163,293,242,000881.xml,train
000882.jpg,1,818,628,3,309,191,436,328,000882.xml,test
000883.jpg,1,718,500,3,365,63,523,216,000883.xml,train
000884.jpg,1,718,500,3,498,77,631,216,000884.xml,train
000885.jpg,1,718,500,3,358,131,409,203,000885.xml,val
000886.jpg,1,718,500,3,291,70,418,174,000886.xml,train
000887.jpg,1,818,628,3,297,187,412,291,000887.xml,val
000888.jpg,1,818,628,3,277,157,549,360,000888.xml,train
000889.jpg,1,718,500,3,215,43,345,162,000889.xml,train
000890.jpg,1,718,500,3,341,47,454,142,000890.xml,test
000891.jpg,1,718,500,3,205,151,321,262,000891.xml,train
000892.jpg,1,718,500,3,299,154,381,266,000892.xml,train
000893.jpg,1,718,500,3,345,137,442,252,000893.xml,train
000894.jpg,1,718,500,3,253,144,356,268,000894.xml,train
000895.jpg,1,718,500,3,184,122,244,195,000895.xml,val
000896.jpg,1,718,500,3,297,101,376,176,000896.xml,val
000897.jpg,1,718,500,3,195,139,325,228,000897.xml,test
000898.jpg,1,718,500,3,245,152,329,260,000898.xml,train
000899.jpg,1,718,500,3,221,125,373,242,000899.xml,test
000900.jpg,1,718,500,3,260,90,571,343,000900.xml,test
000901.jpg,1,818,628,3,468,147,571,234,000901.xml,val
000902.jpg,1,498,429,3,202,94,303,207,000902.xml,train
000903.jpg,1,498,429,3,180,114,274,190,000903.xml,train
000904.jpg,1,498,429,3,158,56,245,134,000904.xml,train
000905.jpg,1,718,500,3,303,183,469,317,000905.xml,val
000906.jpg,1,718,500,3,168,171,396,296,000906.xml,train
000907.jpg,1,818,628,3,348,71,435,149,000907.xml,train
000908.jpg,1,818,628,3,364,116,407,183,000908.xml,test
000909.jpg,1,818,628,3,313,180,514,371,000909.xml,train
000910.jpg,1,718,500,3,274,78,343,151,000910.xml,train
000911.jpg,1,718,500,3,373,91,434,154,000911.xml,train
000912.jpg,1,718,500,3,323,78,394,149,000912.xml,train
000913.jpg,1,718,500,3,223,62,337,186,000913.xml,val
000914.jpg,1,718,500,3,273,51,416,195,000914.xml,test
000915.jpg,1,718,500,3,293,77,417,178,000915.xml,train
000916.jpg,1,718,500,3,175,73,315,162,000916.xml,train
000917.jpg,1,718,500,3,319,62,453,168,000917.xml,train
000918.jpg,1,718,500,3,234,314,320,436,000918.xml,test
000919.jpg,1,718,500,3,334,308,430,420,000919.xml,train
000920.jpg,1,818,628,3,338,146,408,214,000920.xml,train
000921.jpg,1,718,500,3,201,178,368,361,000921.xml,train
000922.jpg,1,718,500,3,273,170,442,254,000922.xml,train
000923.jpg,1,718,500,3,106,73,679,357,000923.xml,train
000924.jpg,1,718,500,3,333,82,514,263,000924.xml,train
000925.jpg,1,718,500,3,316,54,522,194,000925.xml,train
000926.jpg,1,718,500,3,251,90,481,248,000926.xml,train
000927.jpg,1,718,500,3,203,135,284,195,000927.xml,train
000928.jpg,1,718,500,3,213,134,308,191,000928.xml,train
000929.jpg,1,818,628,3,404,117,496,210,000929.xml,train
000930.jpg,1,818,628,3,421,127,500,201,000930.xml,train
000931.jpg,1,718,500,3,263,130,352,227,000931.xml,train
000932.jpg,1,718,500,3,301,135,401,227,000932.xml,val
000933.jpg,1,718,500,3,272,164,366,270,000933.xml,test
000934.jpg,1,818,628,3,275,156,330,217,000934.xml,train
000935.jpg,1,818,628,3,370,144,460,258,000935.xml,train
000936.jpg,1,718,500,3,382,176,461,271,000936.xml,train
000937.jpg,1,718,500,3,389,170,460,264,000937.xml,train
000938.jpg,1,718,500,3,345,102,489,199,000938.xml,train
000939.jpg,1,718,500,3,236,152,334,250,000939.xml,test
000940.jpg,1,718,500,3,425,96,481,153,000940.xml,train
000941.jpg,1,718,500,3,397,190,518,275,000941.xml,test
000942.jpg,1,718,500,3,260,184,344,262,000942.xml,test
000943.jpg,1,718,500,3,401,99,481,173,000943.xml,train
000944.jpg,1,718,500,3,123,74,168,142,000944.xml,val
000945.jpg,1,718,500,3,377,105,595,222,000945.xml,train
000946.jpg,1,718,500,3,469,143,547,196,000946.xml,train
000947.jpg,1,718,500,3,281,90,505,295,000947.xml,train
000948.jpg,1,718,500,3,247,187,394,276,000948.xml,train
000949.jpg,1,718,500,3,344,170,442,310,000949.xml,test
000950.jpg,1,718,500,3,281,134,438,256,000950.xml,train
000951.jpg,1,718,500,3,292,81,350,130,000951.xml,train
000952.jpg,1,718,500,3,350,74,405,113,000952.xml,test
000953.jpg,1,718,500,3,257,87,366,135,000953.xml,train
000954.jpg,1,718,500,3,321,82,393,138,000954.xml,train
000955.jpg,1,718,500,3,244,84,311,137,000955.xml,test
000956.jpg,1,718,500,3,289,101,406,168,000956.xml,val
000957.jpg,1,718,500,3,445,142,543,230,000957.xml,test
000958.jpg,1,718,500,3,432,199,598,339,000958.xml,train
000959.jpg,1,718,500,3,208,175,381,324,000959.xml,train
000960.jpg,1,718,500,3,224,167,401,335,000960.xml,train
000961.jpg,1,718,500,3,267,172,421,303,000961.xml,train
000962.jpg,1,718,500,3,309,121,374,194,000962.xml,train
000963.jpg,1,718,500,3,297,111,362,184,000963.xml,train
000964.jpg,1,718,500,3,280,102,398,198,000964.xml,val
000965.jpg,1,718,500,3,244,91,368,194,000965.xml,train
000966.jpg,1,718,500,3,400,129,554,228,000966.xml,test
000967.jpg,1,718,500,3,422,163,651,353,000967.xml,train
000968.jpg,1,718,500,3,273,155,534,375,000968.xml,test
000969.jpg,1,718,500,3,330,151,446,280,000969.xml,train
000970.jpg,1,818,628,3,340,144,499,286,000970.xml,train
000971.jpg,1,818,628,3,409,154,554,306,000971.xml,val
000972.jpg,1,718,500,3,309,154,392,254,000972.xml,train
000973.jpg,1,718,500,3,318,135,406,271,000973.xml,val
000974.jpg,1,718,500,3,277,138,396,280,000974.xml,val
000975.jpg,1,718,500,3,233,125,346,295,000975.xml,val
000976.jpg,1,718,500,3,253,29,401,122,000976.xml,train
000977.jpg,1,718,500,3,304,31,444,130,000977.xml,train
000978.jpg,1,718,500,3,301,87,388,167,000978.xml,train
000979.jpg,1,818,628,3,294,208,363,291,000979.xml,train
000980.jpg,1,818,628,3,306,180,394,262,000980.xml,train
000981.jpg,1,492,391,3,232,67,277,125,000981.xml,train
000982.jpg,1,498,429,3,100,154,229,254,000982.xml,train
000983.jpg,1,498,429,3,135,119,277,236,000983.xml,train
000984.jpg,1,718,500,3,255,85,357,208,000984.xml,train
000985.jpg,1,818,628,3,419,125,669,272,000985.xml,test
000986.jpg,1,818,628,3,371,144,546,284,000986.xml,train
000987.jpg,1,718,500,3,226,130,268,186,000987.xml,train
000988.jpg,1,498,429,3,93,232,157,282,000988.xml,test
000989.jpg,1,498,429,3,89,213,175,268,000989.xml,train
000990.jpg,1,818,628,3,469,244,612,353,000990.xml,train
000991.jpg,1,818,628,3,466,159,534,240,000991.xml,train
000992.jpg,1,818,628,3,468,218,597,335,000992.xml,train
000993.jpg,1,492,391,3,221,96,300,172,000993.xml,train
000994.jpg,1,718,500,3,397,125,460,218,000994.xml,train
000995.jpg,1,498,429,3,152,77,256,180,000995.xml,train
000996.jpg,1,718,500,3,422,69,518,167,000996.xml,train
000997.jpg,1,718,500,3,269,79,372,162,000997.xml,test
000998.jpg,1,718,500,3,470,77,566,166,000998.xml,test
000999.jpg,1,718,500,3,303,105,374,187,000999.xml,train
001000.jpg,1,718,500,3,330,103,422,195,001000.xml,train
001001.jpg,1,718,500,3,326,98,416,202,001001.xml,test
001002.jpg,1,718,500,3,417,75,460,137,001002.xml,train
001003.jpg,1,718,500,3,473,58,534,130,001003.xml,val
001004.jpg,1,718,500,3,420,86,466,130,001004.xml,train
001005.jpg,1,718,500,3,292,146,372,232,001005.xml,val
001006.jpg,1,718,500,3,260,152,349,232,001006.xml,val
001007.jpg,1,718,500,3,341,106,389,142,001007.xml,train
001008.jpg,1,718,500,3,312,159,392,254,001008.xml,train
001009.jpg,1,718,500,3,344,154,449,211,001009.xml,train
001010.jpg,1,718,500,3,346,240,389,280,001010.xml,train
001011.jpg,1,718,500,3,142,224,180,262,001011.xml,val
001012.jpg,1,718,500,3,296,109,511,291,001012.xml,test
001013.jpg,1,718,500,3,353,119,397,178,001013.xml,train
001014.jpg,1,718,500,3,419,107,468,159,001014.xml,test
001015.jpg,1,718,500,3,308,123,487,251,001015.xml,train
001016.jpg,1,718,500,3,353,140,539,258,001016.xml,train
001017.jpg,1,718,500,3,317,138,444,308,001017.xml,train
001018.jpg,1,718,500,3,197,131,327,308,001018.xml,train
001019.jpg,1,718,500,3,205,140,346,306,001019.xml,train
001020.jpg,1,718,500,3,187,117,289,203,001020.xml,train
001021.jpg,1,718,500,3,410,246,474,339,001021.xml,test
001022.jpg,1,818,628,3,289,252,399,342,001022.xml,train
001023.jpg,1,818,628,3,431,245,524,339,001023.xml,train
001024.jpg,1,718,500,3,299,71,510,228,001024.xml,train
001025.jpg,1,718,500,3,406,95,613,280,001025.xml,val
001026.jpg,1,718,500,3,482,62,601,167,001026.xml,train
001027.jpg,1,718,500,3,433,74,540,180,001027.xml,train
001028.jpg,1,718,500,3,428,55,535,178,001028.xml,val
001029.jpg,1,718,500,3,501,66,603,160,001029.xml,train
001030.jpg,1,718,500,3,195,235,241,282,001030.xml,test
001031.jpg,1,718,500,3,337,271,390,333,001031.xml,train
001032.jpg,1,718,500,3,513,216,586,314,001032.xml,train
001033.jpg,1,718,500,3,124,235,196,329,001033.xml,train
001034.jpg,1,718,500,3,518,114,598,196,001034.xml,train
001035.jpg,1,718,500,3,530,130,622,235,001035.xml,train
001036.jpg,1,718,500,3,471,190,548,263,001036.xml,train
001037.jpg,1,718,500,3,209,90,430,259,001037.xml,train
001038.jpg,1,718,500,3,338,89,550,240,001038.xml,test
001039.jpg,1,718,500,3,315,186,390,271,001039.xml,train
001040.jpg,1,718,500,3,326,119,549,295,001040.xml,train
001041.jpg,1,439,368,3,192,89,346,182,001041.xml,test
001042.jpg,1,919,646,3,306,175,378,307,001042.xml,train
001043.jpg,1,818,628,3,341,217,446,328,001043.xml,test
001044.jpg,1,718,500,3,463,168,614,286,001044.xml,train
001045.jpg,1,439,368,3,207,110,258,165,001045.xml,train
001046.jpg,1,439,368,3,141,129,192,188,001046.xml,test
001047.jpg,1,439,368,3,285,113,358,185,001047.xml,train
001048.jpg,1,439,368,3,238,63,329,123,001048.xml,train
001049.jpg,1,718,500,3,60,97,397,287,001049.xml,test
001050.jpg,1,718,500,3,106,85,405,270,001050.xml,train
001051.jpg,1,718,500,3,111,79,450,282,001051.xml,train
001052.jpg,1,718,500,3,80,87,428,290,001052.xml,train
001053.jpg,1,718,500,3,95,78,390,280,001053.xml,train
001054.jpg,1,718,500,3,92,107,289,292,001054.xml,train
001055.jpg,1,718,500,3,282,145,361,250,001055.xml,test
001056.jpg,1,718,500,3,75,93,514,340,001056.xml,train
001057.jpg,1,718,500,3,318,140,421,257,001057.xml,train
001058.jpg,1,818,628,3,319,207,411,284,001058.xml,test
001059.jpg,1,818,628,3,141,208,228,296,001059.xml,train
001060.jpg,1,718,500,3,297,47,426,135,001060.xml,train
001061.jpg,1,718,500,3,338,101,476,199,001061.xml,val
001062.jpg,1,718,500,3,277,127,432,303,001062.xml,train
001063.jpg,1,718,500,3,241,129,412,311,001063.xml,train
001064.jpg,1,718,500,3,256,160,365,262,001064.xml,test
001065.jpg,1,718,500,3,315,166,432,279,001065.xml,test
001066.jpg,1,718,500,3,217,98,472,298,001066.xml,val
001067.jpg,1,718,500,3,283,132,441,281,001067.xml,train
001068.jpg,1,718,500,3,306,51,414,124,001068.xml,train
001069.jpg,1,718,500,3,329,55,409,107,001069.xml,train
001070.jpg,1,501,458,3,142,191,210,260,001070.xml,train
001071.jpg,1,718,500,3,305,138,406,226,001071.xml,train
001072.jpg,1,718,500,3,386,108,455,182,001072.xml,test
001073.jpg,1,718,500,3,297,139,413,274,001073.xml,train
001074.jpg,1,718,500,3,244,133,376,272,001074.xml,train
001075.jpg,1,501,458,3,225,64,288,115,001075.xml,test
001076.jpg,1,718,500,3,260,113,364,224,001076.xml,val
001077.jpg,1,718,500,3,328,113,436,239,001077.xml,train
001078.jpg,1,718,500,3,332,111,432,230,001078.xml,test
001079.jpg,1,498,429,3,171,99,281,192,001079.xml,train
001080.jpg,1,818,628,3,282,188,428,309,001080.xml,train
001081.jpg,1,818,628,3,187,177,338,320,001081.xml,train
001082.jpg,1,718,500,3,412,251,478,314,001082.xml,train
001083.jpg,1,718,500,3,416,98,491,186,001083.xml,val
001084.jpg,1,818,628,3,344,194,472,349,001084.xml,train
001085.jpg,1,818,628,3,276,198,435,323,001085.xml,test
001086.jpg,1,818,628,3,358,203,513,352,001086.xml,train
001087.jpg,1,818,628,3,392,234,485,302,001087.xml,train
001088.jpg,1,718,500,3,353,167,466,264,001088.xml,test
001089.jpg,1,718,500,3,281,176,341,263,001089.xml,train
001090.jpg,1,718,500,3,428,135,484,220,001090.xml,train
001091.jpg,1,718,500,3,440,121,513,219,001091.xml,train
001092.jpg,1,718,500,3,469,123,551,231,001092.xml,train
001093.jpg,1,718,500,3,353,352,441,432,001093.xml,test
001094.jpg,1,718,500,3,472,343,537,404,001094.xml,test
001095.jpg,1,718,500,3,171,191,315,287,001095.xml,train
001096.jpg,1,718,500,3,244,299,357,376,001096.xml,test
001097.jpg,1,718,500,3,138,62,402,256,001097.xml,test
001098.jpg,1,718,500,3,561,89,614,144,001098.xml,train
001099.jpg,1,718,500,3,272,105,356,164,001099.xml,train
001100.jpg,1,718,500,3,357,111,426,176,001100.xml,train
001101.jpg,1,718,500,3,457,122,569,217,001101.xml,test
001102.jpg,1,718,500,3,233,105,292,151,001102.xml,train
001103.jpg,1,718,500,3,360,98,461,206,001103.xml,train
001104.jpg,1,498,429,3,288,90,366,183,001104.xml,train
001105.jpg,1,498,429,3,227,96,326,198,001105.xml,test
001106.jpg,1,818,628,3,381,269,480,394,001106.xml,train
001107.jpg,1,718,500,3,322,143,437,241,001107.xml,train
001108.jpg,1,818,628,3,411,193,502,285,001108.xml,train
001109.jpg,1,818,628,3,468,179,567,279,001109.xml,train
001110.jpg,1,818,628,3,470,179,561,277,001110.xml,train
001111.jpg,1,818,628,3,534,193,638,275,001111.xml,train
001112.jpg,1,818,628,3,503,193,590,299,001112.xml,train
001113.jpg,1,718,500,3,247,85,328,155,001113.xml,val
001114.jpg,1,718,500,3,313,102,404,170,001114.xml,train
001115.jpg,1,718,500,3,293,111,485,259,001115.xml,train
001116.jpg,1,818,628,3,397,129,594,295,001116.xml,test
001117.jpg,1,818,628,3,333,109,578,282,001117.xml,train
001118.jpg,1,718,500,3,272,157,372,281,001118.xml,train
001119.jpg,1,718,500,3,271,247,346,329,001119.xml,test
001120.jpg,1,718,500,3,340,169,397,221,001120.xml,val
001121.jpg,1,718,500,3,177,77,307,163,001121.xml,train
001122.jpg,1,718,500,3,200,154,304,238,001122.xml,test
001123.jpg,1,501,458,3,167,168,237,278,001123.xml,train
001124.jpg,1,501,458,3,297,99,397,185,001124.xml,train
001125.jpg,1,501,458,3,171,164,271,244,001125.xml,test
001126.jpg,1,718,500,3,212,98,285,188,001126.xml,train
001127.jpg,1,718,500,3,213,114,285,223,001127.xml,train
001128.jpg,1,718,500,3,292,146,429,239,001128.xml,train
001129.jpg,1,718,500,3,364,154,476,230,001129.xml,val
001130.jpg,1,718,500,3,235,148,410,228,001130.xml,train
001131.jpg,1,718,500,3,340,113,461,219,001131.xml,val
001132.jpg,1,718,500,3,389,110,513,227,001132.xml,train
001133.jpg,1,718,500,3,421,107,555,227,001133.xml,train
001134.jpg,1,718,500,3,457,103,574,224,001134.xml,train
001135.jpg,1,718,500,3,458,103,582,228,001135.xml,train
001136.jpg,1,501,458,3,157,97,321,196,001136.xml,train
001137.jpg,1,501,458,3,298,56,383,145,001137.xml,train
001138.jpg,1,718,500,3,219,95,554,262,001138.xml,train
001139.jpg,1,718,500,3,264,71,450,295,001139.xml,val
001140.jpg,1,718,500,3,268,110,441,347,001140.xml,test
001141.jpg,1,718,500,3,234,103,406,307,001141.xml,train
001142.jpg,1,718,500,3,228,172,315,296,001142.xml,train
001143.jpg,1,718,500,3,446,180,527,304,001143.xml,train
001144.jpg,1,718,500,3,402,188,469,307,001144.xml,train
001145.jpg,1,718,500,3,291,159,426,284,001145.xml,train
001146.jpg,1,718,500,3,340,70,437,148,001146.xml,test
001147.jpg,1,718,500,3,409,85,502,164,001147.xml,train
001148.jpg,1,718,500,3,429,82,519,162,001148.xml,train
001149.jpg,1,718,500,3,428,172,517,247,001149.xml,train
001150.jpg,1,718,500,3,285,184,354,255,001150.xml,train
001151.jpg,1,818,628,3,419,207,465,265,001151.xml,val
001152.jpg,1,818,628,3,326,161,424,241,001152.xml,train
001153.jpg,1,818,628,3,533,174,604,238,001153.xml,test
001154.jpg,1,818,628,3,469,173,558,242,001154.xml,test
001155.jpg,1,818,628,3,378,173,462,261,001155.xml,test
001156.jpg,1,718,500,3,363,142,410,191,001156.xml,test
001157.jpg,1,718,500,3,194,69,318,179,001157.xml,train
001158.jpg,1,718,500,3,332,183,440,283,001158.xml,train
001159.jpg,1,718,500,3,271,146,328,197,001159.xml,train
001160.jpg,1,818,628,3,317,105,485,269,001160.xml,train
001161.jpg,1,718,500,3,324,186,432,321,001161.xml,test
001162.jpg,1,439,368,3,231,36,340,110,001162.xml,train
001163.jpg,1,818,628,3,226,150,316,265,001163.xml,train
001164.jpg,1,818,628,3,170,231,250,312,001164.xml,train
001165.jpg,1,718,500,3,102,83,535,441,001165.xml,train
001166.jpg,1,718,500,3,398,159,558,325,001166.xml,test
001167.jpg,1,718,500,3,255,127,398,219,001167.xml,train
001168.jpg,1,718,500,3,281,143,365,255,001168.xml,train
001169.jpg,1,718,500,3,437,150,571,282,001169.xml,train
001170.jpg,1,718,500,3,324,102,496,223,001170.xml,train
001171.jpg,1,818,628,3,523,208,617,308,001171.xml,val
001172.jpg,1,818,628,3,469,200,566,319,001172.xml,train
001173.jpg,1,718,500,3,207,199,315,316,001173.xml,val
001174.jpg,1,718,500,3,216,113,308,162,001174.xml,train
001175.jpg,1,498,429,3,114,144,246,246,001175.xml,train
001176.jpg,1,718,500,3,368,148,445,272,001176.xml,test
001177.jpg,1,718,500,3,281,160,361,251,001177.xml,train
001178.jpg,1,718,500,3,389,93,468,179,001178.xml,test
001179.jpg,1,718,500,3,324,97,400,182,001179.xml,train
001180.jpg,1,718,500,3,309,131,396,215,001180.xml,train
001181.jpg,1,718,500,3,313,59,446,162,001181.xml,test
001182.jpg,1,718,500,3,458,87,550,213,001182.xml,val
001183.jpg,1,718,500,3,362,168,468,246,001183.xml,train
001184.jpg,1,718,500,3,376,170,446,259,001184.xml,test
001185.jpg,1,718,500,3,275,116,440,240,001185.xml,val
001186.jpg,1,718,500,3,360,63,610,302,001186.xml,test
001187.jpg,1,718,500,3,332,186,441,315,001187.xml,train
001188.jpg,1,818,628,3,320,234,468,382,001188.xml,train
001189.jpg,1,718,500,3,249,103,329,202,001189.xml,train
001190.jpg,1,718,500,3,213,105,311,202,001190.xml,train
001191.jpg,1,718,500,3,299,147,408,240,001191.xml,train
001192.jpg,1,718,500,3,365,134,477,278,001192.xml,train
001193.jpg,1,718,500,3,119,73,529,311,001193.xml,train
001194.jpg,1,718,500,3,195,93,401,258,001194.xml,train
001195.jpg,1,818,628,3,252,119,482,387,001195.xml,train
001196.jpg,1,718,500,3,384,137,696,384,001196.xml,train
001197.jpg,1,718,500,3,205,13,674,489,001197.xml,train
001198.jpg,1,718,500,3,305,57,653,471,001198.xml,train
001199.jpg,1,818,628,3,313,227,412,311,001199.xml,val
001200.jpg,1,818,628,3,483,189,658,311,001200.xml,test
001201.jpg,1,818,628,3,416,214,587,326,001201.xml,train
001202.jpg,1,718,500,3,269,250,398,337,001202.xml,val
001203.jpg,1,818,628,3,405,164,610,343,001203.xml,train
001204.jpg,1,818,628,3,571,176,791,352,001204.xml,test
001205.jpg,1,818,628,3,408,173,590,336,001205.xml,train
001206.jpg,1,718,500,3,267,118,382,242,001206.xml,train
001207.jpg,1,718,500,3,414,135,502,236,001207.xml,train
001208.jpg,1,718,500,3,300,83,452,198,001208.xml,train
001209.jpg,1,718,500,3,320,85,463,215,001209.xml,train
001210.jpg,1,718,500,3,312,174,414,303,001210.xml,train
001211.jpg,1,718,500,3,311,105,650,216,001211.xml,train
001212.jpg,1,818,628,3,193,258,337,386,001212.xml,train
001213.jpg,1,718,500,3,278,211,384,324,001213.xml,train
001214.jpg,1,718,500,3,248,233,346,324,001214.xml,test
001215.jpg,1,718,500,3,265,106,300,147,001215.xml,test
001216.jpg,1,718,500,3,336,96,380,159,001216.xml,train
001217.jpg,1,718,500,3,285,115,370,199,001217.xml,val
001218.jpg,1,818,628,3,421,136,553,272,001218.xml,train
001219.jpg,1,818,628,3,411,142,476,230,001219.xml,train
001220.jpg,1,818,628,3,297,120,460,258,001220.xml,train
001221.jpg,1,718,500,3,161,131,260,242,001221.xml,train
001222.jpg,1,718,500,3,298,130,387,228,001222.xml,train
001223.jpg,1,718,500,3,408,106,505,210,001223.xml,train
001224.jpg,1,718,500,3,257,179,341,276,001224.xml,test
001225.jpg,1,718,500,3,365,110,472,224,001225.xml,train
001226.jpg,1,718,500,3,257,168,332,244,001226.xml,val
001227.jpg,1,718,500,3,200,156,308,228,001227.xml,val
001228.jpg,1,818,628,3,395,317,468,421,001228.xml,train
001229.jpg,1,718,500,3,353,84,467,173,001229.xml,test
001230.jpg,1,818,628,3,452,252,554,346,001230.xml,train
001231.jpg,1,818,628,3,476,262,583,372,001231.xml,train
001232.jpg,1,818,628,3,294,183,380,258,001232.xml,train
001233.jpg,1,718,500,3,227,148,398,323,001233.xml,val
001234.jpg,1,718,500,3,382,137,582,331,001234.xml,train
001235.jpg,1,718,500,3,233,129,412,303,001235.xml,train
001236.jpg,1,718,500,3,212,228,408,355,001236.xml,train
001237.jpg,1,718,500,3,358,105,559,204,001237.xml,train
001238.jpg,1,718,500,3,418,78,577,220,001238.xml,val
001239.jpg,1,718,500,3,334,99,581,234,001239.xml,train
001240.jpg,1,718,500,3,440,271,504,341,001240.xml,test
001241.jpg,1,718,500,3,426,239,511,311,001241.xml,test
001242.jpg,1,718,500,3,187,75,326,180,001242.xml,test
001243.jpg,1,718,500,3,372,125,448,195,001243.xml,test
001244.jpg,1,718,500,3,410,110,490,190,001244.xml,train
001245.jpg,1,718,500,3,68,71,557,317,001245.xml,val
001246.jpg,1,718,500,3,319,176,378,252,001246.xml,train
001247.jpg,1,439,368,3,191,87,249,153,001247.xml,train
001248.jpg,1,718,500,3,319,183,481,361,001248.xml,train
001249.jpg,1,718,500,3,215,228,373,399,001249.xml,train
001250.jpg,1,718,500,3,308,102,445,191,001250.xml,train
001251.jpg,1,718,500,3,354,95,449,188,001251.xml,test
001252.jpg,1,718,500,3,325,118,413,200,001252.xml,train
001253.jpg,1,718,500,3,373,106,465,194,001253.xml,test
001254.jpg,1,718,500,3,471,104,569,187,001254.xml,train
001255.jpg,1,718,500,3,250,89,339,147,001255.xml,test
001256.jpg,1,718,500,3,247,149,322,211,001256.xml,train
001257.jpg,1,818,628,3,284,134,440,246,001257.xml,train
001258.jpg,1,718,500,3,213,67,418,192,001258.xml,train
001259.jpg,1,718,500,3,267,86,453,231,001259.xml,train
001260.jpg,1,439,368,3,179,156,274,258,001260.xml,train
001261.jpg,1,718,500,3,263,114,367,281,001261.xml,test
001262.jpg,1,718,500,3,47,114,180,263,001262.xml,train
001263.jpg,1,718,500,3,196,67,326,175,001263.xml,test
001264.jpg,1,718,500,3,219,53,402,203,001264.xml,test
001265.jpg,1,718,500,3,240,29,425,184,001265.xml,train
001266.jpg,1,718,500,3,209,140,273,198,001266.xml,test
001267.jpg,1,718,500,3,249,156,323,227,001267.xml,train
001268.jpg,1,718,500,3,339,187,426,275,001268.xml,train
001269.jpg,1,718,500,3,349,125,480,223,001269.xml,train
001270.jpg,1,818,628,3,149,179,327,332,001270.xml,test
001271.jpg,1,718,500,3,472,147,537,219,001271.xml,train
001272.jpg,1,718,500,3,380,121,448,200,001272.xml,test
001273.jpg,1,718,500,3,163,98,225,171,001273.xml,train
001274.jpg,1,718,500,3,417,123,484,206,001274.xml,train
001275.jpg,1,718,500,3,385,119,486,219,001275.xml,train
001276.jpg,1,718,500,3,348,93,417,174,001276.xml,train
001277.jpg,1,818,628,3,295,171,460,327,001277.xml,train
001278.jpg,1,718,500,3,149,189,282,321,001278.xml,test
001279.jpg,1,498,429,3,150,147,270,270,001279.xml,train
001280.jpg,1,498,429,3,195,155,309,284,001280.xml,test
001281.jpg,1,818,628,3,363,143,441,240,001281.xml,train
001282.jpg,1,818,628,3,331,152,407,237,001282.xml,train
001283.jpg,1,498,429,3,238,108,290,173,001283.xml,test
001284.jpg,1,718,500,3,241,163,386,284,001284.xml,test
001285.jpg,1,818,628,3,499,215,612,339,001285.xml,train
001286.jpg,1,718,500,3,497,134,565,211,001286.xml,train
001287.jpg,1,718,500,3,327,107,489,244,001287.xml,train
001288.jpg,1,718,500,3,234,110,366,240,001288.xml,test
001289.jpg,1,718,500,3,152,76,299,176,001289 (1).xml,train
001289.jpg,1,718,500,3,152,76,299,176,001289.xml,train
001290.jpg,1,718,500,3,313,170,410,246,001290 (1).xml,train
001290.jpg,1,718,500,3,313,170,410,246,001290.xml,train
001291.jpg,1,718,500,3,324,203,404,274,001291 (1).xml,train
001291.jpg,1,718,500,3,324,203,404,274,001291.xml,train
001292.jpg,1,718,500,3,220,135,376,244,001292 (1).xml,train
001292.jpg,1,718,500,3,220,135,376,244,001292.xml,train
001293.jpg,1,718,500,3,401,87,594,194,001293 (1).xml,val
001293.jpg,1,718,500,3,401,87,594,194,001293.xml,val
001294.jpg,1,718,500,3,151,26,598,363,001294 (1).xml,train
001294.jpg,1,718,500,3,151,26,598,363,001294.xml,train
001295.jpg,1,718,500,3,292,122,404,256,001295.xml,test
001296.jpg,1,718,500,3,264,93,398,220,001296.xml,train
001297.jpg,1,718,500,3,115,127,404,331,001297.xml,train
001298.jpg,1,718,500,3,102,107,353,312,001298.xml,train
001299.jpg,1,718,500,3,377,198,456,282,001299.xml,test
001300.jpg,1,718,500,3,136,79,360,284,001300.xml,test
001301.jpg,1,818,628,3,167,116,672,306,001301.xml,train
001302.jpg,1,818,628,3,147,130,585,306,001302.xml,train
001303.jpg,1,818,628,3,337,126,606,333,001303.xml,train
001304.jpg,1,718,500,3,29,116,338,349,001304.xml,test
001305.jpg,1,718,500,3,100,78,436,315,001305.xml,test
001306.jpg,1,718,500,3,1,81,324,325,001306.xml,train
001307.jpg,1,718,500,3,302,122,419,213,001307.xml,test
001308.jpg,1,718,500,3,280,170,376,252,001308.xml,train
001309.jpg,1,718,500,3,236,161,342,255,001309.xml,train
001310.jpg,1,718,500,3,201,171,329,258,001310.xml,test
001311.jpg,1,718,500,3,236,236,325,311,001311.xml,train
001312.jpg,1,498,429,3,87,41,270,184,001312.xml,train
001313.jpg,1,718,500,3,368,119,454,196,001313.xml,train
001314.jpg,1,718,500,3,333,216,502,295,001314.xml,test
001315.jpg,1,718,500,3,381,140,461,211,001315.xml,train
001316.jpg,1,818,628,3,381,167,558,336,001316.xml,val
001317.jpg,1,818,628,3,211,208,469,382,001317.xml,train
001318.jpg,1,818,628,3,365,224,456,312,001318.xml,train
001319.jpg,1,818,628,3,424,194,520,276,001319.xml,train
001320.jpg,1,818,628,3,327,206,375,259,001320.xml,train
001321.jpg,1,818,628,3,480,241,628,367,001321.xml,test
001322.jpg,1,718,500,3,311,146,354,208,001322.xml,test
001323.jpg,1,718,500,3,275,91,424,212,001323.xml,train
001324.jpg,1,718,500,3,292,138,320,195,001324.xml,train
001325.jpg,1,818,628,3,225,211,348,332,001325.xml,train
001326.jpg,1,818,628,3,407,177,527,312,001326.xml,test
001327.jpg,1,718,500,3,196,65,585,267,001327.xml,train
001328.jpg,1,718,500,3,301,143,384,220,001328.xml,val
001329.jpg,1,718,500,3,309,119,389,199,001329.xml,train
001330.jpg,1,718,500,3,255,37,424,174,001330.xml,train
001331.jpg,1,718,500,3,424,142,513,212,001331.xml,train
001332.jpg,1,718,500,3,521,126,579,200,001332.xml,test
001333.jpg,1,718,500,3,228,105,320,168,001333.xml,train
001334.jpg,1,718,500,3,46,138,140,226,001334.xml,train
001335.jpg,1,718,500,3,328,131,392,216,001335.xml,train
001336.jpg,1,718,500,3,300,238,397,321,001336.xml,test
001337.jpg,1,439,368,3,233,75,286,114,001337.xml,test
001338.jpg,1,439,368,3,281,73,317,112,001338.xml,train
001339.jpg,1,498,429,3,208,121,281,181,001339.xml,train
001340.jpg,1,498,429,3,196,68,269,131,001340.xml,train
001341.jpg,1,718,500,3,269,45,414,194,001341.xml,train
001342.jpg,1,818,628,3,244,171,338,279,001342.xml,train
001343.jpg,1,718,500,3,362,154,441,242,001343.xml,train
001344.jpg,1,718,500,3,330,142,437,226,001344.xml,val
001345.jpg,1,718,500,3,177,111,330,275,001345.xml,train
001346.jpg,1,718,500,3,275,98,434,223,001346.xml,train
001347.jpg,1,818,628,3,411,184,456,252,001347.xml,test
001348.jpg,1,718,500,3,244,129,346,240,001348.xml,train
001349.jpg,1,818,628,3,301,156,469,306,001349.xml,test
001350.jpg,1,718,500,3,284,106,374,178,001350.xml,train
001351.jpg,1,718,500,3,384,99,472,187,001351.xml,train
001352.jpg,1,439,368,3,184,88,265,146,001352.xml,test
001353.jpg,1,818,628,3,313,113,466,289,001353.xml,train
001354.jpg,1,818,628,3,242,93,421,301,001354.xml,train
001355.jpg,1,818,628,3,290,177,527,338,001355.xml,train
001356.jpg,1,718,500,3,482,191,555,274,001356.xml,train
001357.jpg,1,718,500,3,336,54,445,122,001357.xml,train
001358.jpg,1,718,500,3,319,78,418,143,001358.xml,train
001359.jpg,1,818,628,3,341,180,513,374,001359.xml,test
001360.jpg,1,718,500,3,385,163,492,267,001360.xml,train
001361.jpg,1,718,500,3,303,159,420,282,001361.xml,test
001362.jpg,1,718,500,3,128,97,326,252,001362.xml,train
001363.jpg,1,718,500,3,454,191,502,255,001363.xml,train
001364.jpg,1,718,500,3,243,184,296,259,001364.xml,train
001365.jpg,1,718,500,3,280,179,356,275,001365.xml,test
001366.jpg,1,818,628,3,401,117,591,241,001366.xml,train
001367.jpg,1,718,500,3,233,179,368,294,001367.xml,train
001368.jpg,1,718,500,3,431,172,561,288,001368.xml,test
001369.jpg,1,718,500,3,378,187,502,290,001369.xml,train
001370.jpg,1,718,500,3,333,170,482,275,001370.xml,train
001371.jpg,1,718,500,3,233,149,313,233,001371.xml,train
001372.jpg,1,818,628,3,463,305,563,407,001372.xml,train
001373.jpg,1,718,500,3,325,165,396,255,001373.xml,train
001374.jpg,1,718,500,3,106,160,240,331,001374.xml,train
001375.jpg,1,718,500,3,185,133,321,303,001375.xml,train
001376.jpg,1,718,500,3,181,187,280,279,001376.xml,train
001377.jpg,1,718,500,3,393,175,502,278,001377.xml,train
001378.jpg,1,718,500,3,333,191,441,271,001378.xml,train
001379.jpg,1,718,500,3,227,179,398,328,001379.xml,train
001380.jpg,1,718,500,3,344,174,453,271,001380.xml,train
001381.jpg,1,718,500,3,412,119,488,223,001381.xml,train
001382.jpg,1,718,500,3,273,105,366,202,001382.xml,train
001383.jpg,1,718,500,3,353,111,444,216,001383.xml,train
001384.jpg,1,718,500,3,262,57,365,153,001384.xml,train
001385.jpg,1,818,628,3,243,127,669,370,001385.xml,train
001386.jpg,1,498,429,3,253,67,364,124,001386.xml,train
001387.jpg,1,498,429,3,185,70,275,124,001387.xml,test
001388.jpg,1,818,628,3,363,240,435,363,001388.xml,train
001389.jpg,1,818,628,3,204,242,319,374,001389.xml,train
001390.jpg,1,718,500,3,312,159,421,268,001390.xml,train
001391.jpg,1,718,500,3,390,61,497,158,001391.xml,train
001392.jpg,1,718,500,3,549,129,674,259,001392.xml,train
001393.jpg,1,718,500,3,155,171,320,328,001393.xml,train
001394.jpg,1,718,500,3,280,181,351,239,001394.xml,test
001395.jpg,1,718,500,3,342,135,478,258,001395.xml,train
001396.jpg,1,718,500,3,215,118,268,172,001396.xml,train
001397.jpg,1,718,500,3,251,147,412,250,001397.xml,train
001398.jpg,1,718,500,3,477,219,543,272,001398.xml,train
001399.jpg,1,718,500,3,300,127,441,266,001399.xml,train
001400.jpg,1,498,429,3,276,94,374,184,001400.xml,train
001401.jpg,1,498,429,3,214,99,338,183,001401.xml,train
001402.jpg,1,818,628,3,438,269,544,390,001402.xml,train
001403.jpg,1,818,628,3,557,316,689,413,001403.xml,test
001404.jpg,1,498,429,3,40,29,460,334,001404.xml,train
001405.jpg,1,818,628,3,370,164,520,250,001405.xml,train
001406.jpg,1,718,500,3,352,122,497,246,001406.xml,val
001407.jpg,1,718,500,3,299,93,462,256,001407.xml,test
001408.jpg,1,718,500,3,223,50,561,311,001408.xml,test
001409.jpg,1,718,500,3,144,53,657,304,001409.xml,train
001410.jpg,1,718,500,3,114,54,643,331,001410.xml,train
001411.jpg,1,718,500,3,308,79,663,292,001411.xml,test
001412.jpg,1,718,500,3,357,77,617,267,001412.xml,val
001413.jpg,1,718,500,3,268,133,418,266,001413.xml,train
001414.jpg,1,718,500,3,153,130,277,264,001414.xml,train
001415.jpg,1,718,500,3,275,151,385,264,001415.xml,train
001416.jpg,1,718,500,3,354,146,445,274,001416.xml,train
001417.jpg,1,718,500,3,303,102,428,210,001417.xml,train
001418.jpg,1,718,500,3,392,113,550,230,001418.xml,train
001419.jpg,1,718,500,3,283,158,354,211,001419.xml,train
001420.jpg,1,718,500,3,204,146,442,306,001420.xml,test
001421.jpg,1,718,500,3,241,59,372,150,001421.xml,train
001422.jpg,1,718,500,3,261,69,382,155,001422.xml,train
001423.jpg,1,818,628,3,346,164,431,272,001423.xml,train
001424.jpg,1,718,500,3,367,133,430,204,001424.xml,train
001425.jpg,1,718,500,3,198,105,343,201,001425.xml,train
001426.jpg,1,718,500,3,305,106,463,230,001426.xml,train
001427.jpg,1,818,628,3,314,258,449,355,001427.xml,train
001428.jpg,1,718,500,3,287,115,362,236,001428.xml,train
001429.jpg,1,718,500,3,259,102,376,216,001429.xml,train
001430.jpg,1,718,500,3,250,116,386,211,001430.xml,train
001431.jpg,1,718,500,3,325,115,390,201,001431.xml,train
001432.jpg,1,439,368,3,57,76,165,179,001432.xml,train
001433.jpg,1,439,368,3,165,74,269,177,001433.xml,train
001434.jpg,1,439,368,3,209,78,325,155,001434.xml,train
001435.jpg,1,439,368,3,276,119,369,184,001435.xml,test
001436.jpg,1,718,500,3,255,107,369,200,001436.xml,test
001437.jpg,1,718,500,3,247,98,337,155,001437.xml,train
001438.jpg,1,718,500,3,188,131,320,254,001438.xml,train
001439.jpg,1,718,500,3,280,106,400,227,001439.xml,train
001440.jpg,1,718,500,3,428,134,482,203,001440.xml,train
001441.jpg,1,718,500,3,166,65,245,152,001441.xml,train
001442.jpg,1,818,628,3,208,169,330,303,001442.xml,test
001443.jpg,1,818,628,3,286,143,509,376,001443.xml,val
001444.jpg,1,718,500,3,202,74,321,155,001444.xml,train
001445.jpg,1,718,500,3,160,206,387,331,001445.xml,train
001446.jpg,1,718,500,3,376,88,530,184,001446.xml,test
001447.jpg,1,718,500,3,410,264,518,360,001447.xml,train
001448.jpg,1,718,500,3,315,117,450,251,001448.xml,train
001449.jpg,1,718,500,3,138,222,410,367,001449.xml,train
001450.jpg,1,718,500,3,397,87,578,214,001450.xml,train
001451.jpg,1,718,500,3,509,83,681,211,001451.xml,train
001452.jpg,1,718,500,3,289,222,523,377,001452.xml,val
001453.jpg,1,718,500,3,546,290,662,395,001453.xml,train
001454.jpg,1,718,500,3,265,117,356,218,001454.xml,train
001455.jpg,1,718,500,3,244,115,361,227,001455.xml,val
001456.jpg,1,718,500,3,338,118,400,190,001456.xml,test
001457.jpg,1,818,628,3,414,214,509,317,001457.xml,train
001458.jpg,1,718,500,3,223,218,326,325,001458.xml,train
001459.jpg,1,718,500,3,263,208,346,314,001459.xml,test
001460.jpg,1,718,500,3,331,81,490,194,001460.xml,train
001461.jpg,1,818,628,3,246,170,495,349,001461.xml,test
001462.jpg,1,818,628,3,326,230,514,430,001462.xml,test
001463.jpg,1,818,628,3,317,227,573,433,001463.xml,train
001464.jpg,1,818,628,3,327,242,544,444,001464.xml,train
001465.jpg,1,718,500,3,301,167,377,243,001465.xml,train
001466.jpg,1,718,500,3,291,105,426,234,001466.xml,val
001467.jpg,1,718,500,3,308,121,410,254,001467.xml,train
001468.jpg,1,718,500,3,346,167,405,235,001468.xml,train
001469.jpg,1,718,500,3,225,114,397,265,001469.xml,train
001470.jpg,1,718,500,3,437,157,496,226,001470.xml,train
001471.jpg,1,718,500,3,384,117,489,226,001471.xml,val
001472.jpg,1,718,500,3,297,110,406,226,001472.xml,train
001473.jpg,1,718,500,3,319,118,429,247,001473.xml,train
001474.jpg,1,718,500,3,406,117,472,191,001474.xml,train
001475.jpg,1,718,500,3,244,125,332,218,001475.xml,test
001476.jpg,1,718,500,3,244,131,325,211,001476.xml,train
001477.jpg,1,718,500,3,244,91,448,259,001477.xml,train
001478.jpg,1,718,500,3,187,66,452,235,001478.xml,val
001479.jpg,1,818,628,3,233,150,500,299,001479.xml,train
001480.jpg,1,818,628,3,485,157,607,309,001480.xml,train
001481.jpg,1,818,628,3,209,207,326,289,001481.xml,test
001482.jpg,1,718,500,3,229,168,421,299,001482.xml,test
001483.jpg,1,718,500,3,235,164,372,343,001483.xml,train
001484.jpg,1,718,500,3,192,171,288,296,001484.xml,train
001485.jpg,1,718,500,3,300,138,386,263,001485.xml,train
001486.jpg,1,718,500,3,265,158,350,284,001486.xml,test
001487.jpg,1,718,500,3,337,156,446,291,001487.xml,train
001488.jpg,1,718,500,3,222,73,317,160,001488.xml,train
001489.jpg,1,718,500,3,307,214,384,329,001489.xml,train
001490.jpg,1,718,500,3,440,51,496,134,001490.xml,train
001491.jpg,1,718,500,3,402,82,473,139,001491.xml,test
001492.jpg,1,718,500,3,429,67,494,139,001492.xml,train
001493.jpg,1,718,500,3,283,89,409,184,001493.xml,train
001494.jpg,1,818,628,3,324,231,476,391,001494.xml,train
001495.jpg,1,439,368,3,189,114,288,203,001495.xml,test
001496.jpg,1,498,429,3,143,81,346,224,001496.xml,train
001497.jpg,1,498,429,3,82,79,295,217,001497.xml,train
001498.jpg,1,718,500,3,219,81,337,178,001498.xml,train
001499.jpg,1,718,500,3,267,94,353,199,001499.xml,train
001500.jpg,1,718,500,3,345,67,466,171,001500.xml,val
001501.jpg,1,718,500,3,307,76,422,165,001501.xml,test
001502.jpg,1,718,500,3,276,74,409,188,001502.xml,val
001503.jpg,1,718,500,3,295,73,412,174,001503.xml,test
001504.jpg,1,718,500,3,304,81,420,175,001504.xml,train
001505.jpg,1,718,500,3,366,213,450,294,001505.xml,train
001506.jpg,1,718,500,3,136,183,235,270,001506.xml,train
001507.jpg,1,818,628,3,519,123,622,211,001507.xml,train
001508.jpg,1,818,628,3,266,98,381,221,001508.xml,train
001509.jpg,1,818,628,3,493,119,571,217,001509.xml,train
001510.jpg,1,718,500,3,345,34,562,235,001510.xml,val
001511.jpg,1,718,500,3,345,39,585,262,001511.xml,train
001512.jpg,1,718,500,3,239,231,370,343,001512.xml,train
001513.jpg,1,718,500,3,168,255,316,381,001513.xml,train
001514.jpg,1,718,500,3,353,42,459,153,001514.xml,train
001515.jpg,1,718,500,3,376,59,476,147,001515.xml,train
001516.jpg,1,718,500,3,224,58,357,164,001516.xml,train
001517.jpg,1,718,500,3,277,104,366,194,001517.xml,train
001518.jpg,1,718,500,3,132,51,418,291,001518.xml,train
001519.jpg,1,718,500,3,248,138,374,219,001519.xml,test
001520.jpg,1,718,500,3,238,139,378,229,001520.xml,train
001521.jpg,1,718,500,3,176,61,579,283,001521.xml,test
001522.jpg,1,818,628,3,320,207,447,333,001522.xml,train
001523.jpg,1,818,628,3,309,164,431,286,001523.xml,train
001524.jpg,1,718,500,3,149,38,362,171,001524.xml,train
001525.jpg,1,718,500,3,104,30,340,168,001525.xml,train
001526.jpg,1,818,628,3,361,231,425,309,001526.xml,train
001527.jpg,1,818,628,3,506,177,614,294,001527.xml,train
001528.jpg,1,818,628,3,531,81,648,196,001528.xml,test
001529.jpg,1,718,500,3,183,189,264,270,001529.xml,val
001530.jpg,1,818,628,3,365,69,520,186,001530.xml,train
001531.jpg,1,818,628,3,271,108,414,247,001531.xml,train
001532.jpg,1,718,500,3,204,66,372,242,001532.xml,train
001533.jpg,1,718,500,3,193,79,362,240,001533.xml,train
001534.jpg,1,718,500,3,185,194,287,278,001534.xml,train
001535.jpg,1,718,500,3,215,122,364,231,001535.xml,test
001536.jpg,1,718,500,3,325,194,498,310,001536.xml,val
001537.jpg,1,718,500,3,400,200,473,307,001537.xml,val
001538.jpg,1,718,500,3,336,240,436,343,001538.xml,train
001539.jpg,1,718,500,3,345,247,426,339,001539.xml,train
001540.jpg,1,718,500,3,260,59,523,255,001540.xml,train
001541.jpg,1,718,500,3,265,54,488,246,001541.xml,train
001542.jpg,1,718,500,3,126,61,615,336,001542.xml,val
001543.jpg,1,718,500,3,208,148,256,215,001543.xml,train
001544.jpg,1,718,500,3,347,134,414,226,001544.xml,train
001545.jpg,1,718,500,3,106,168,197,248,001545.xml,train
001546.jpg,1,718,500,3,362,124,464,210,001546.xml,train
001547.jpg,1,718,500,3,250,143,414,232,001547.xml,train
001548.jpg,1,718,500,3,262,126,357,218,001548.xml,train
001549.jpg,1,818,628,3,297,92,546,272,001549.xml,test
001550.jpg,1,818,628,3,181,184,404,316,001550.xml,val
001551.jpg,1,818,628,3,340,163,546,309,001551.xml,train
001552.jpg,1,718,500,3,151,85,320,228,001552.xml,train
001553.jpg,1,718,500,3,199,91,312,230,001553.xml,val
001554.jpg,1,439,368,3,103,112,221,206,001554.xml,test
001555.jpg,1,439,368,3,189,117,313,240,001555.xml,val
001556.jpg,1,498,429,3,202,62,260,111,001556.xml,test
001557.jpg,1,718,500,3,346,75,461,228,001557.xml,train
001558.jpg,1,718,500,3,380,79,472,200,001558.xml,train
001559.jpg,1,718,500,3,228,123,311,204,001559.xml,train
001560.jpg,1,718,500,3,212,123,312,223,001560.xml,train
001561.jpg,1,718,500,3,255,74,370,180,001561.xml,train
001562.jpg,1,718,500,3,409,77,518,172,001562.xml,test
001563.jpg,1,718,500,3,288,105,418,204,001563.xml,train
001564.jpg,1,718,500,3,436,94,547,176,001564.xml,train
001565.jpg,1,718,500,3,276,89,394,164,001565.xml,train
001566.jpg,1,718,500,3,432,87,535,168,001566.xml,val
001567.jpg,1,718,500,3,392,142,484,216,001567.xml,train
001568.jpg,1,718,500,3,334,151,409,228,001568.xml,train
001569.jpg,1,718,500,3,289,77,361,172,001569.xml,train
001570.jpg,1,718,500,3,337,59,424,150,001570.xml,train
001571.jpg,1,718,500,3,112,25,501,303,001571.xml,train
001572.jpg,1,718,500,3,327,123,406,215,001572.xml,test
001573.jpg,1,818,628,3,235,115,421,298,001573.xml,train
001574.jpg,1,718,500,3,172,30,458,264,001574.xml,train
001575.jpg,1,718,500,3,201,13,574,268,001575.xml,train
001576.jpg,1,718,500,3,123,11,412,247,001576.xml,train
001577.jpg,1,718,500,3,236,18,606,270,001577.xml,train
001578.jpg,1,718,500,3,289,190,404,335,001578.xml,train
001579.jpg,1,718,500,3,220,58,434,252,001579.xml,test
001580.jpg,1,718,500,3,257,26,505,222,001580.xml,train
001581.jpg,1,718,500,3,300,119,448,278,001581.xml,test
001582.jpg,1,439,368,3,222,113,298,182,001582.xml,train
001583.jpg,1,718,500,3,203,172,454,332,001583.xml,test
001584.jpg,1,718,500,3,169,148,350,335,001584.xml,train
001585.jpg,1,718,500,3,334,125,437,270,001585.xml,train
001586.jpg,1,818,628,3,323,109,485,315,001586.xml,test
001587.jpg,1,818,628,3,392,129,549,278,001587.xml,test
001588.jpg,1,818,628,3,422,120,575,265,001588.xml,train
001589.jpg,1,718,500,3,300,148,380,254,001589.xml,test
001590.jpg,1,718,500,3,143,155,254,267,001590.xml,train
001591.jpg,1,718,500,3,155,155,241,278,001591.xml,train
001592.jpg,1,718,500,3,222,79,479,213,001592.xml,train
001593.jpg,1,718,500,3,232,137,288,210,001593.xml,train
001594.jpg,1,718,500,3,349,95,460,191,001594.xml,train
001595.jpg,1,498,429,3,282,186,373,292,001595.xml,train
001596.jpg,1,498,429,3,202,198,294,294,001596.xml,val
001597.jpg,1,718,500,3,404,57,645,214,001597.xml,test
001598.jpg,1,718,500,3,64,82,322,216,001598.xml,train
001599.jpg,1,718,500,3,295,111,397,196,001599.xml,train
001600.jpg,1,718,500,3,267,47,488,155,001600.xml,train
001601.jpg,1,718,500,3,337,107,559,267,001601.xml,test
001602.jpg,1,718,500,3,100,69,563,377,001602.xml,train
001603.jpg,1,718,500,3,164,38,674,319,001603.xml,test
001604.jpg,1,718,500,3,256,102,384,203,001604.xml,train
001605.jpg,1,718,500,3,295,146,443,282,001605.xml,train
001606.jpg,1,718,500,3,282,131,421,244,001606.xml,train
001607.jpg,1,718,500,3,152,57,518,251,001607.xml,val
001608.jpg,1,718,500,3,87,65,474,282,001608.xml,train
001609.jpg,1,466,349,3,136,140,206,199,001609.xml,train
001610.jpg,1,466,349,3,172,149,240,206,001610.xml,test
001611.jpg,1,718,500,3,373,69,592,221,001611.xml,train
001612.jpg,1,718,500,3,95,83,294,226,001612.xml,test
001613.jpg,1,718,500,3,218,184,322,289,001613.xml,test
001614.jpg,1,818,628,3,249,238,346,339,001614.xml,train
001615.jpg,1,718,500,3,234,223,346,299,001615.xml,test
001616.jpg,1,818,628,3,351,284,451,366,001616.xml,train
001617.jpg,1,818,628,3,289,245,404,325,001617.xml,train
001618.jpg,1,818,628,3,284,240,392,336,001618.xml,test
001619.jpg,1,818,628,3,522,147,580,214,001619.xml,train
001620.jpg,1,718,500,3,376,191,450,299,001620.xml,test
001621.jpg,1,818,628,3,481,167,572,237,001621.xml,val
001622.jpg,1,818,628,3,303,163,381,232,001622.xml,train
001623.jpg,1,718,500,3,248,214,322,318,001623.xml,train
001624.jpg,1,718,500,3,317,158,392,248,001624.xml,train
001625.jpg,1,718,500,3,505,113,559,179,001625.xml,test
001626.jpg,1,718,500,3,326,119,421,195,001626.xml,test
001627.jpg,1,718,500,3,244,86,325,166,001627.xml,train
001628.jpg,1,718,500,3,369,93,477,178,001628.xml,train
001629.jpg,1,718,500,3,232,73,332,159,001629.xml,train
001630.jpg,1,818,628,3,337,142,533,335,001630.xml,train
001631.jpg,1,818,628,3,246,120,441,323,001631.xml,train
001632.jpg,1,718,500,3,284,234,382,351,001632.xml,train
001633.jpg,1,718,500,3,467,160,514,220,001633.xml,test
001634.jpg,1,718,500,3,91,153,176,228,001634.xml,train
001635.jpg,1,718,500,3,313,133,542,246,001635.xml,train
001636.jpg,1,718,500,3,309,124,492,250,001636.xml,train
001637.jpg,1,718,500,3,417,180,474,250,001637.xml,train
001638.jpg,1,718,500,3,285,140,362,214,001638.xml,test
001639.jpg,1,718,500,3,366,163,428,264,001639.xml,train
001640.jpg,1,498,429,3,96,65,212,154,001640.xml,val
001641.jpg,1,498,429,3,259,84,371,179,001641.xml,train
001642.jpg,1,718,500,3,323,164,470,319,001642.xml,train
001643.jpg,1,718,500,3,353,154,432,239,001643.xml,val
001644.jpg,1,718,500,3,305,159,372,231,001644.xml,train
001645.jpg,1,498,429,3,72,94,412,293,001645.xml,train
001646.jpg,1,498,429,3,209,137,424,344,001646.xml,train
001647.jpg,1,718,500,3,360,110,477,255,001647.xml,train
001648.jpg,1,718,500,3,388,133,522,235,001648.xml,train
001649.jpg,1,718,500,3,362,95,470,180,001649.xml,train
001650.jpg,1,718,500,3,168,188,394,357,001650.xml,train
001651.jpg,1,718,500,3,107,158,410,328,001651.xml,train
001652.jpg,1,718,500,3,409,134,460,180,001652.xml,train
001653.jpg,1,718,500,3,329,125,506,235,001653.xml,test
001654.jpg,1,718,500,3,284,110,460,234,001654.xml,train
001655.jpg,1,718,500,3,444,118,615,197,001655.xml,train
001656.jpg,1,718,500,3,288,99,418,236,001656.xml,train
001657.jpg,1,718,500,3,291,99,425,250,001657.xml,test
001658.jpg,1,718,500,3,281,107,412,247,001658.xml,train
001659.jpg,1,718,500,3,365,129,562,246,001659.xml,train
001660.jpg,1,818,628,3,360,147,537,278,001660.xml,val
001661.jpg,1,818,628,3,294,159,449,291,001661.xml,val
001662.jpg,1,718,500,3,237,158,336,290,001662.xml,train
001663.jpg,1,718,500,3,394,218,534,343,001663.xml,train
001664.jpg,1,818,628,3,449,149,526,245,001664.xml,train
001665.jpg,1,818,628,3,275,147,585,512,001665.xml,test
001666.jpg,1,718,500,3,179,217,255,299,001666.xml,test
001667.jpg,1,818,628,3,486,198,584,298,001667.xml,train
001668.jpg,1,718,500,3,262,145,328,227,001668.xml,test
001669.jpg,1,718,500,3,312,160,444,271,001669.xml,val
001670.jpg,1,718,500,3,176,98,267,180,001670.xml,train
001671.jpg,1,718,500,3,88,144,169,236,001671.xml,test
001672.jpg,1,718,500,3,188,49,473,187,001672.xml,test
001673.jpg,1,718,500,3,425,71,575,200,001673.xml,train
001674.jpg,1,718,500,3,407,130,504,224,001674.xml,test
001675.jpg,1,818,628,3,275,82,627,384,001675.xml,val
001676.jpg,1,718,500,3,387,113,502,211,001676.xml,train
001677.jpg,1,818,628,3,409,164,502,251,001677.xml,test
001678.jpg,1,718,500,3,377,144,428,199,001678.xml,train
001679.jpg,1,718,500,3,236,125,297,259,001679.xml,train
001680.jpg,1,718,500,3,337,135,440,240,001680.xml,train
001681.jpg,1,498,429,3,240,176,323,244,001681.xml,val
001682.jpg,1,498,429,3,222,164,304,245,001682.xml,train
001683.jpg,1,498,429,3,177,165,330,298,001683.xml,train
001684.jpg,1,498,429,3,195,168,324,315,001684.xml,test
001685.jpg,1,439,368,3,214,86,292,164,001685.xml,train
001686.jpg,1,919,646,3,478,185,608,329,001686.xml,train
001687.jpg,1,818,628,3,319,241,381,309,001687.xml,test
001688.jpg,1,718,500,3,371,101,458,199,001688.xml,test
001689.jpg,1,718,500,3,209,101,373,234,001689.xml,train
001690.jpg,1,718,500,3,358,115,493,218,001690.xml,train
001691.jpg,1,718,500,3,224,125,339,259,001691.xml,train
001692.jpg,1,718,500,3,201,188,296,258,001692.xml,test
001693.jpg,1,718,500,3,164,29,378,188,001693.xml,train
001694.jpg,1,718,500,3,42,53,708,468,001694.xml,train
001695.jpg,1,718,500,3,1,71,717,472,001695.xml,test
001696.jpg,1,718,500,3,287,71,559,219,001696.xml,train
001697.jpg,1,718,500,3,191,119,369,283,001697.xml,test
001698.jpg,1,718,500,3,394,129,533,238,001698.xml,train
001699.jpg,1,718,500,3,283,126,404,206,001699.xml,train
001700.jpg,1,718,500,3,204,71,308,171,001700.xml,train
001701.jpg,1,718,500,3,232,111,284,187,001701.xml,train
001702.jpg,1,718,500,3,127,117,209,210,001702.xml,val
001703.jpg,1,718,500,3,142,123,203,202,001703.xml,train
001704.jpg,1,718,500,3,183,106,260,208,001704.xml,train
001705.jpg,1,718,500,3,102,118,169,222,001705.xml,test
001706.jpg,1,718,500,3,538,121,609,187,001706.xml,train
001707.jpg,1,718,500,3,446,98,547,166,001707.xml,train
001708.jpg,1,718,500,3,430,136,538,227,001708.xml,val
001709.jpg,1,818,628,3,311,139,519,347,001709.xml,val
001710.jpg,1,718,500,3,457,116,561,221,001710.xml,train
001711.jpg,1,718,500,3,306,140,423,237,001711.xml,train
001712.jpg,1,818,628,3,363,180,563,343,001712.xml,test
001713.jpg,1,718,500,3,229,83,509,331,001713.xml,train
001714.jpg,1,718,500,3,378,118,438,167,001714.xml,val
001715.jpg,1,718,500,3,136,175,201,284,001715.xml,train
001716.jpg,1,718,500,3,90,81,373,433,001716.xml,test
001717.jpg,1,718,500,3,173,134,482,333,001717.xml,train
001718.jpg,1,718,500,3,212,129,537,315,001718.xml,train
001719.jpg,1,718,500,3,220,97,542,377,001719.xml,test
001720.jpg,1,439,368,3,201,83,289,164,001720.xml,train
001721.jpg,1,718,500,3,193,1,515,206,001721.xml,train
001722.jpg,1,718,500,3,349,63,529,188,001722.xml,test
001723.jpg,1,718,500,3,136,1,500,211,001723.xml,train
001724.jpg,1,718,500,3,325,81,502,236,001724.xml,train
001725.jpg,1,718,500,3,316,329,406,401,001725.xml,train
001726.jpg,1,718,500,3,269,304,376,397,001726.xml,train
001727.jpg,1,818,628,3,248,120,493,350,001727.xml,train
001728.jpg,1,818,628,3,242,144,520,355,001728.xml,train
001729.jpg,0,466,349,3,45,50,407,191,001729.xml,test
001730.jpg,0,718,500,3,297,83,485,189,001730.xml,train
001731.jpg,0,718,500,3,215,154,417,301,001731.xml,val
001732.jpg,0,718,500,3,432,130,509,185,001732.xml,test
001733.jpg,0,718,500,3,487,159,541,201,001733.xml,train
001734.jpg,0,718,500,3,408,137,454,174,001734.xml,val
001735.jpg,0,718,500,3,386,130,443,180,001735.xml,train
001736.jpg,0,718,500,3,438,132,489,181,001736.xml,train
001737.jpg,0,718,500,3,386,198,436,234,001737.xml,train
001738.jpg,0,718,500,3,309,189,363,234,001738.xml,train
001739.jpg,0,718,500,3,179,190,335,268,001739.xml,train
001740.jpg,0,498,429,3,184,103,225,147,001740.xml,train
001741.jpg,0,439,368,3,219,103,293,148,001741.xml,val
001742.jpg,0,718,500,3,372,218,427,267,001742.xml,train
001743.jpg,0,718,500,3,256,228,319,269,001743.xml,train
001744.jpg,1,818,628,3,436,163,607,386,001744.xml,train
001745.jpg,0,718,500,3,326,187,376,217,001745.xml,train
001746.jpg,1,818,628,3,401,141,602,347,001746.xml,test
001747.jpg,1,818,628,3,262,144,483,356,001747.xml,train
001748.jpg,1,718,500,3,323,65,438,207,001748.xml,train
001749.jpg,1,718,500,3,400,82,538,226,001749.xml,train
001750.jpg,0,718,500,3,147,52,511,319,001750.xml,test
001751.jpg,0,718,500,3,310,74,365,113,001751.xml,test
001752.jpg,0,439,368,3,162,71,424,210,001752.xml,train
001753.jpg,0,818,628,3,434,217,548,297,001753.xml,train
001754.jpg,0,818,628,3,363,207,451,284,001754.xml,val
001755.jpg,0,718,500,3,381,158,453,215,001755.xml,train
001756.jpg,0,718,500,3,198,99,384,251,001756.xml,train
001757.jpg,1,718,500,3,433,76,568,220,001757.xml,train
001758.jpg,0,718,500,3,229,186,295,232,001758.xml,train
001759.jpg,0,718,500,3,252,153,330,229,001759.xml,train
001760.jpg,1,718,500,3,233,118,355,254,001760.xml,test
001761.jpg,1,718,500,3,409,116,529,241,001761.xml,train
001762.jpg,0,718,500,3,331,111,551,201,001762.xml,test
001763.jpg,0,718,500,3,339,59,566,196,001763.xml,test
001764.jpg,0,718,500,3,207,137,283,180,001764.xml,test
001765.jpg,0,718,500,3,163,133,244,177,001765.xml,test
001766.jpg,0,718,500,3,318,121,434,204,001766.xml,test
001767.jpg,0,718,500,3,270,124,376,217,001767.xml,train
001768.jpg,0,718,500,3,95,90,509,417,001768.xml,train
001769.jpg,0,718,500,3,337,198,418,230,001769.xml,test
001770.jpg,0,818,628,3,346,145,599,346,001770.xml,test
001771.jpg,0,718,500,3,196,191,245,232,001771.xml,test
001772.jpg,0,718,500,3,450,190,506,236,001772.xml,val
001773.jpg,0,718,500,3,306,158,386,214,001773.xml,test
001774.jpg,1,439,368,3,81,88,191,186,001774.xml,val
001775.jpg,0,818,628,3,399,300,421,348,001775.xml,test
001776.jpg,0,818,628,3,310,246,347,287,001776.xml,test
001777.jpg,1,718,500,3,373,160,494,292,001777.xml,train
001778.jpg,1,718,500,3,373,163,480,263,001778.xml,train
001779.jpg,0,818,628,3,505,256,679,369,001779.xml,train
001780.jpg,0,818,628,3,262,248,341,308,001780.xml,train
001781.jpg,0,439,368,3,298,115,373,155,001781.xml,test
001782.jpg,0,718,500,3,495,133,558,181,001782.xml,train
001783.jpg,0,718,500,3,340,108,419,166,001783.xml,train
001784.jpg,0,718,500,3,278,196,350,240,001784.xml,train
001785.jpg,0,718,500,3,207,169,487,321,001785.xml,test
001786.jpg,0,718,500,3,279,138,582,388,001786.xml,test
001787.jpg,0,718,500,3,335,69,393,108,001787.xml,train
001788.jpg,1,718,500,3,125,118,231,223,001788.xml,test
001789.jpg,1,718,500,3,387,155,526,329,001789.xml,test
001790.jpg,0,718,500,3,247,130,443,341,001790.xml,test
001791.jpg,0,718,500,3,230,171,382,259,001791.xml,train
001792.jpg,0,439,368,3,106,80,403,277,001792.xml,train
001793.jpg,0,718,500,3,300,125,426,181,001793.xml,train
001794.jpg,0,718,500,3,338,235,396,301,001794.xml,train
001795.jpg,0,718,500,3,116,169,147,218,001795.xml,test
001796.jpg,0,718,500,3,338,175,387,209,001796.xml,train
001797.jpg,0,718,500,3,406,194,454,232,001797.xml,val
001798.jpg,0,718,500,3,457,201,504,244,001798.xml,train
001799.jpg,0,718,500,3,366,141,446,211,001799.xml,val
001800.jpg,0,718,500,3,307,71,454,171,001800.xml,train
001801.jpg,0,818,628,3,162,91,627,352,001801.xml,val
001802.jpg,0,498,429,3,160,181,265,246,001802.xml,train
001803.jpg,0,718,500,3,303,101,566,281,001803.xml,train
001804.jpg,1,718,500,3,285,182,430,362,001804.xml,val
001805.jpg,1,718,500,3,355,193,487,332,001805.xml,train
001806.jpg,0,718,500,3,45,182,102,226,001806.xml,train
001807.jpg,0,718,500,3,82,185,131,216,001807.xml,test
001808.jpg,1,439,368,3,238,162,298,216,001808.xml,val
001809.jpg,1,498,429,3,192,152,271,203,001809.xml,train
001810.jpg,1,718,500,3,218,142,349,221,001810.xml,test
001811.jpg,0,818,628,3,240,114,396,185,001811.xml,val
001812.jpg,0,718,500,3,533,85,643,154,001812.xml,test
001813.jpg,0,718,500,3,223,86,421,242,001813.xml,train
001814.jpg,0,718,500,3,280,84,475,253,001814.xml,train
001815.jpg,0,718,500,3,323,139,484,235,001815.xml,train
001816.jpg,0,439,368,3,137,159,180,198,001816.xml,train
001817.jpg,0,718,500,3,176,109,356,213,001817.xml,val
001818.jpg,0,718,500,3,158,61,541,345,001818.xml,train
001819.jpg,0,718,500,3,261,195,508,324,001819.xml,test
001820.jpg,1,718,500,3,224,150,349,233,001820.xml,train
001821.jpg,1,718,500,3,342,153,416,216,001821.xml,val
001822.jpg,1,718,500,3,238,167,329,251,001822.xml,test
001823.jpg,0,718,500,3,126,124,183,162,001823.xml,test
001824.jpg,0,718,500,3,400,122,459,184,001824.xml,train
001825.jpg,1,718,500,3,345,176,438,260,001825.xml,train
001826.jpg,0,718,500,3,309,153,449,230,001826.xml,train
001827.jpg,1,718,500,3,271,167,353,247,001827.xml,train
001828.jpg,0,718,500,3,25,148,324,262,001828.xml,train
001829.jpg,0,718,500,3,418,99,517,163,001829.xml,val
001830.jpg,0,718,500,3,488,240,568,296,001830.xml,train
001831.jpg,0,718,500,3,341,190,390,227,001831.xml,test
001832.jpg,0,718,500,3,422,92,563,214,001832.xml,train
001833.jpg,0,498,429,3,190,105,248,145,001833.xml,train
001834.jpg,0,498,429,3,157,93,228,137,001834.xml,test
001835.jpg,0,718,500,3,203,39,315,113,001835.xml,train
001836.jpg,0,718,500,3,270,102,381,181,001836.xml,train
001837.jpg,0,718,500,3,399,196,442,244,001837.xml,train
001838.jpg,0,718,500,3,388,125,617,296,001838.xml,train
001839.jpg,1,718,500,3,410,126,593,271,001839.xml,test
001840.jpg,1,718,500,3,423,103,593,280,001840.xml,train
001841.jpg,1,718,500,3,532,108,589,177,001841.xml,train
001842.jpg,1,718,500,3,447,75,654,264,001842.xml,train
001843.jpg,0,718,500,3,400,102,501,174,001843.xml,train
001844.jpg,0,718,500,3,341,104,399,149,001844.xml,train
001845.jpg,0,718,500,3,313,87,553,228,001845.xml,train
001846.jpg,0,718,500,3,309,236,355,293,001846.xml,train
001847.jpg,0,718,500,3,416,74,459,116,001847.xml,test
001848.jpg,0,718,500,3,238,172,378,254,001848.xml,train
001849.jpg,0,718,500,3,421,206,457,249,001849.xml,train
001850.jpg,0,718,500,3,348,173,406,227,001850.xml,train
001851.jpg,0,718,500,3,121,151,230,217,001851.xml,train
001852.jpg,0,718,500,3,202,181,294,237,001852.xml,train
001853.jpg,0,718,500,3,188,156,348,269,001853.xml,train
001854.jpg,0,718,500,3,366,83,444,138,001854.xml,val
001855.jpg,0,718,500,3,131,119,272,201,001855.xml,val
001856.jpg,0,718,500,3,400,171,422,210,001856.xml,train
001857.jpg,0,718,500,3,339,145,392,208,001857.xml,train
001858.jpg,0,718,500,3,428,248,554,314,001858.xml,test
001859.jpg,0,818,628,3,428,118,568,202,001859.xml,train
001860.jpg,0,818,628,3,272,127,368,178,001860.xml,train
001861.jpg,1,718,500,3,255,157,409,285,001861.xml,train
001862.jpg,0,818,628,3,423,286,613,449,001862.xml,val
001863.jpg,0,718,500,3,165,106,267,157,001863.xml,train
001864.jpg,0,718,500,3,327,177,412,243,001864.xml,train
001865.jpg,0,718,500,3,393,154,475,222,001865.xml,train
001866.jpg,0,718,500,3,306,130,354,181,001866.xml,train
001867.jpg,0,718,500,3,208,118,324,204,001867.xml,train
001868.jpg,0,718,500,3,275,133,390,234,001868.xml,train
001869.jpg,0,439,368,3,226,104,295,147,001869.xml,train
001870.jpg,1,718,500,3,407,85,563,189,001870.xml,val
001871.jpg,0,718,500,3,283,181,346,252,001871.xml,test
001872.jpg,0,718,500,3,511,115,627,189,001872.xml,train
001873.jpg,0,718,500,3,313,86,528,220,001873.xml,train
001874.jpg,0,718,500,3,400,116,555,198,001874.xml,test
001875.jpg,0,718,500,3,317,179,433,245,001875.xml,test
001876.jpg,0,718,500,3,267,135,395,230,001876.xml,test
001877.jpg,0,718,500,3,151,140,246,208,001877.xml,train
001878.jpg,0,718,500,3,239,122,353,224,001878.xml,test
001879.jpg,0,718,500,3,323,79,496,237,001879.xml,test
001880.jpg,0,718,500,3,327,109,593,295,001880.xml,train
001881.jpg,0,718,500,3,163,120,528,446,001881.xml,train
001882.jpg,0,718,500,3,483,123,520,153,001882.xml,train
001883.jpg,0,718,500,3,266,30,393,122,001883.xml,train
001884.jpg,1,718,500,3,357,99,411,163,001884.xml,val
001885.jpg,0,718,500,3,355,106,421,140,001885.xml,test
001886.jpg,0,718,500,3,266,108,452,212,001886.xml,test
001887.jpg,0,818,628,3,296,125,382,200,001887.xml,val
001888.jpg,0,818,628,3,157,141,240,208,001888.xml,train
001889.jpg,0,718,500,3,388,30,452,93,001889.xml,train
001890.jpg,0,466,349,3,236,71,274,100,001890.xml,val
001891.jpg,0,718,500,3,167,105,300,200,001891.xml,test
001892.jpg,0,818,628,3,264,127,678,453,001892.xml,test
001893.jpg,1,718,500,3,474,125,586,245,001893.xml,train
001894.jpg,0,718,500,3,463,115,503,149,001894.xml,val
001895.jpg,0,718,500,3,475,99,504,127,001895.xml,train
001896.jpg,0,718,500,3,527,157,590,203,001896.xml,train
001897.jpg,0,718,500,3,406,119,487,153,001897.xml,train
001898.jpg,0,718,500,3,498,135,537,172,001898.xml,test
001899.jpg,0,718,500,3,156,43,614,375,001899.xml,train
001900.jpg,0,439,368,3,228,126,258,155,001900.xml,train
001901.jpg,0,439,368,3,243,139,275,162,001901.xml,train
001902.jpg,0,718,500,3,297,93,446,205,001902.xml,val
001903.jpg,0,818,628,3,396,106,622,234,001903.xml,val
001904.jpg,1,718,500,3,309,122,437,250,001904.xml,val
001905.jpg,0,718,500,3,308,127,362,156,001905.xml,train
001906.jpg,0,718,500,3,343,66,477,139,001906.xml,train
001907.jpg,0,718,500,3,444,98,484,142,001907.xml,train
001908.jpg,0,718,500,3,365,200,432,246,001908.xml,test
001909.jpg,0,718,500,3,274,134,325,166,001909.xml,train
001910.jpg,0,818,628,3,488,243,554,294,001910.xml,train
001911.jpg,1,718,500,3,254,129,372,263,001911.xml,train
001912.jpg,0,818,628,3,247,59,432,143,001912.xml,train
001913.jpg,0,718,500,3,380,69,473,143,001913.xml,train
001914.jpg,0,718,500,3,179,87,302,157,001914.xml,train
001915.jpg,0,718,500,3,282,109,331,148,001915.xml,train
001916.jpg,0,718,500,3,322,55,428,122,001916.xml,train
001917.jpg,0,718,500,3,198,190,384,295,001917.xml,train
001918.jpg,0,718,500,3,238,182,402,284,001918.xml,test
001919.jpg,0,718,500,3,324,151,456,228,001919.xml,test
001920.jpg,0,718,500,3,359,143,435,190,001920.xml,test
001921.jpg,0,818,628,3,324,152,418,237,001921.xml,val
001922.jpg,0,718,500,3,520,149,599,202,001922.xml,train
001923.jpg,0,718,500,3,574,138,631,186,001923.xml,train
001924.jpg,0,718,500,3,156,101,531,364,001924.xml,val
001925.jpg,0,718,500,3,175,110,553,403,001925.xml,train
001926.jpg,0,718,500,3,292,116,608,371,001926.xml,val
001927.jpg,0,718,500,3,283,156,329,206,001927.xml,train
001928.jpg,0,718,500,3,457,138,488,167,001928.xml,test
001929.jpg,0,718,500,3,208,162,298,258,001929.xml,train
001930.jpg,0,718,500,3,219,159,268,196,001930.xml,train
001931.jpg,0,718,500,3,251,188,326,235,001931.xml,train
001932.jpg,0,718,500,3,142,189,215,234,001932.xml,val
001933.jpg,0,718,500,3,246,190,308,241,001933.xml,train
001934.jpg,1,818,628,3,161,82,531,277,001934.xml,train
001935.jpg,0,718,500,3,549,146,616,194,001935.xml,train
001936.jpg,0,718,500,3,263,228,301,270,001936.xml,train
001937.jpg,0,718,500,3,349,217,408,269,001937.xml,test
001938.jpg,0,718,500,3,206,110,276,142,001938.xml,train
001939.jpg,0,718,500,3,214,98,295,145,001939.xml,train
001940.jpg,0,718,500,3,366,97,524,185,001940.xml,train
001941.jpg,0,718,500,3,94,86,160,139,001941.xml,test
001942.jpg,0,718,500,3,212,71,365,169,001942.xml,test
001943.jpg,0,718,500,3,276,74,436,169,001943.xml,train
001944.jpg,0,718,500,3,449,151,497,188,001944.xml,test
001945.jpg,0,718,500,3,376,190,414,238,001945.xml,train
001946.jpg,0,718,500,3,207,177,456,309,001946.xml,train
001947.jpg,0,439,368,3,157,148,259,205,001947.xml,train
001948.jpg,1,718,500,3,492,200,561,268,001948.xml,test
001949.jpg,1,718,500,3,384,133,462,214,001949.xml,val
001950.jpg,1,718,500,3,243,94,385,215,001950.xml,train
001951.jpg,1,718,500,3,288,110,386,215,001951.xml,test
001952.jpg,1,718,500,3,280,85,465,262,001952.xml,train
001953.jpg,1,718,500,3,374,83,539,243,001953.xml,train
001954.jpg,1,439,368,3,154,34,240,110,001954.xml,train
001955.jpg,1,818,628,3,227,99,569,290,001955.xml,train
001956.jpg,1,818,628,3,340,149,420,235,001956.xml,train
001957.jpg,1,818,628,3,195,149,260,224,001957.xml,test
001958.jpg,1,718,500,3,173,138,275,248,001958.xml,train
001959.jpg,1,818,628,3,407,167,521,265,001959.xml,test
001960.jpg,1,818,628,3,351,130,487,229,001960.xml,train
001961.jpg,1,439,368,3,138,56,416,281,001961.xml,val
001962.jpg,1,718,500,3,272,81,376,155,001962.xml,train
001963.jpg,1,718,500,3,380,123,492,218,001963.xml,train
001964.jpg,1,718,500,3,356,152,474,251,001964.xml,val
001965.jpg,1,718,500,3,299,189,353,242,001965.xml,test
001966.jpg,1,718,500,3,259,10,430,94,001966.xml,test
001967.jpg,1,718,500,3,297,83,429,184,001967.xml,train
001968.jpg,1,718,500,3,268,122,404,196,001968.xml,train
001969.jpg,1,718,500,3,261,98,430,248,001969.xml,train
001970.jpg,1,718,500,3,194,103,294,202,001970.xml,val
001971.jpg,1,718,500,3,108,116,242,235,001971.xml,train
001972.jpg,1,818,628,3,362,236,529,401,001972.xml,val
001973.jpg,1,818,628,3,380,217,518,341,001973.xml,train
001974.jpg,1,718,500,3,274,181,408,262,001974.xml,test
001975.jpg,1,718,500,3,199,146,358,261,001975.xml,train
001976.jpg,1,718,500,3,240,185,362,296,001976.xml,train
001977.jpg,1,718,500,3,103,196,227,307,001977.xml,train
001978.jpg,1,718,500,3,327,193,443,296,001978.xml,train
001979.jpg,1,718,500,3,333,180,379,243,001979.xml,val
001980.jpg,1,718,500,3,323,113,424,212,001980.xml,val
001981.jpg,1,718,500,3,372,36,466,118,001981.xml,val
001982.jpg,1,718,500,3,151,92,582,410,001982.xml,train
001983.jpg,1,718,500,3,121,85,541,441,001983.xml,test
001984.jpg,1,718,500,3,255,61,413,225,001984.xml,train
001985.jpg,1,718,500,3,228,68,468,249,001985.xml,test
001986.jpg,1,718,500,3,223,149,316,209,001986.xml,train
001987.jpg,1,718,500,3,442,149,528,212,001987.xml,train
001988.jpg,1,718,500,3,300,171,414,283,001988.xml,val
001989.jpg,1,718,500,3,302,169,408,279,001989.xml,train
001990.jpg,1,718,500,3,290,155,377,267,001990.xml,val
001991.jpg,1,718,500,3,289,177,381,243,001991.xml,val
001992.jpg,1,718,500,3,277,123,355,202,001992.xml,val
001993.jpg,1,718,500,3,221,121,340,218,001993.xml,train
001994.jpg,1,718,500,3,321,118,443,256,001994.xml,train
001995.jpg,1,718,500,3,250,75,521,202,001995.xml,train
001996.jpg,1,718,500,3,247,132,385,266,001996.xml,val
001997.jpg,1,718,500,3,285,146,395,267,001997.xml,train
001998.jpg,1,718,500,3,405,201,461,249,001998.xml,val
001999.jpg,1,718,500,3,266,198,347,268,001999.xml,test
002000.jpg,1,718,500,3,349,172,412,252,002000.xml,train
002001.jpg,1,718,500,3,251,62,472,272,002001.xml,train
002002.jpg,1,718,500,3,389,63,559,245,002002.xml,train
002003.jpg,1,718,500,3,206,216,443,418,002003.xml,train
002004.jpg,1,718,500,3,364,143,441,245,002004.xml,test
002005.jpg,1,718,500,3,322,146,411,254,002005.xml,test
002006.jpg,1,718,500,3,275,264,337,311,002006.xml,train
002007.jpg,1,718,500,3,174,107,425,308,002007.xml,train
002008.jpg,1,718,500,3,299,260,359,313,002008.xml,train
002009.jpg,1,718,500,3,282,204,496,371,002009.xml,train
002010.jpg,1,718,500,3,324,184,568,340,002010.xml,train
002011.jpg,1,818,628,3,299,170,421,285,002011.xml,train
002012.jpg,1,818,628,3,299,173,468,276,002012.xml,test
002013.jpg,1,818,628,3,314,142,416,258,002013.xml,val
002014.jpg,1,439,368,3,223,122,293,188,002014.xml,train
002015.jpg,1,439,368,3,217,92,356,211,002015.xml,train
002016.jpg,1,439,368,3,64,50,297,273,002016.xml,test
002017.jpg,1,818,628,3,378,169,483,291,002017.xml,train
002018.jpg,1,818,628,3,269,136,399,243,002018.xml,train
002019.jpg,1,718,500,3,365,139,498,290,002019.xml,test
002020.jpg,1,718,500,3,135,126,330,281,002020.xml,train
002021.jpg,1,718,500,3,380,99,500,202,002021.xml,train
002022.jpg,1,718,500,3,295,110,384,214,002022.xml,train
002023.jpg,1,718,500,3,221,110,307,200,002023.xml,train
002024.jpg,1,718,500,3,292,111,384,201,002024.xml,train
002025.jpg,1,718,500,3,227,118,300,194,002025.xml,train
002026.jpg,1,718,500,3,264,109,469,233,002026.xml,test
002027.jpg,1,718,500,3,356,135,481,234,002027.xml,train
002028.jpg,1,718,500,3,390,132,509,230,002028.xml,val
002029.jpg,1,718,500,3,374,131,498,234,002029.xml,train
002030.jpg,1,718,500,3,165,116,348,198,002030.xml,train
002031.jpg,1,718,500,3,258,227,630,360,002031.xml,train
002032.jpg,1,718,500,3,480,190,570,290,002032.xml,train
002033.jpg,1,818,628,3,298,171,471,293,002033.xml,test
002034.jpg,1,818,628,3,269,173,345,268,002034.xml,train
002035.jpg,1,818,628,3,451,179,569,297,002035.xml,train
002036.jpg,1,718,500,3,268,71,413,211,002036.xml,test
002037.jpg,1,818,628,3,308,90,382,177,002037.xml,train
002038.jpg,1,718,500,3,345,157,402,228,002038.xml,train
002039.jpg,1,718,500,3,309,152,372,223,002039.xml,train
002040.jpg,1,718,500,3,247,106,552,374,002040.xml,train
002041.jpg,1,718,500,3,467,142,541,233,002041.xml,train
002042.jpg,1,818,628,3,286,129,401,245,002042.xml,train
002043.jpg,1,818,628,3,354,136,440,254,002043.xml,train
002044.jpg,1,718,500,3,350,92,485,221,002044.xml,test
002045.jpg,1,718,500,3,338,95,508,236,002045.xml,train
002046.jpg,1,718,500,3,141,84,524,361,002046.xml,train
002047.jpg,1,718,500,3,228,200,469,355,002047.xml,val
002048.jpg,1,718,500,3,271,227,428,390,002048.xml,test
002049.jpg,1,718,500,3,44,77,690,395,002049.xml,train
002050.jpg,1,718,500,3,77,93,631,399,002050.xml,train
002051.jpg,1,718,500,3,31,46,693,363,002051.xml,train
002052.jpg,1,718,500,3,133,70,383,294,002052.xml,test
002053.jpg,1,718,500,3,346,180,456,332,002053.xml,train
002054.jpg,1,718,500,3,172,153,244,249,002054.xml,train
002055.jpg,1,718,500,3,267,140,315,194,002055.xml,train
002056.jpg,1,718,500,3,303,124,436,246,002056.xml,train
002057.jpg,1,718,500,3,445,154,533,258,002057.xml,train
002058.jpg,1,718,500,3,330,149,433,254,002058.xml,train
002059.jpg,1,718,500,3,348,131,429,210,002059.xml,train
002060.jpg,1,718,500,3,343,79,609,250,002060.xml,test
002061.jpg,1,718,500,3,237,43,389,209,002061.xml,train
002062.jpg,1,718,500,3,143,91,430,297,002062.xml,test
002063.jpg,1,718,500,3,229,69,400,212,002063.xml,train
002064.jpg,1,718,500,3,206,170,303,362,002064.xml,train
002065.jpg,1,718,500,3,231,172,308,325,002065.xml,train
002066.jpg,1,718,500,3,370,78,627,401,002066.xml,val
002067.jpg,1,718,500,3,218,100,537,379,002067.xml,train
002068.jpg,1,718,500,3,133,122,361,425,002068.xml,train
002069.jpg,1,718,500,3,354,222,522,377,002069.xml,test
002070.jpg,1,718,500,3,182,117,438,426,002070.xml,train
002071.jpg,1,718,500,3,451,206,592,356,002071.xml,test
002072.jpg,1,718,500,3,275,86,522,360,002072.xml,test
002073.jpg,1,718,500,3,457,284,619,426,002073.xml,train
002074.jpg,1,718,500,3,167,117,261,209,002074.xml,train
002075.jpg,1,718,500,3,241,78,545,289,002075.xml,train
002076.jpg,1,718,500,3,135,102,365,311,002076.xml,train
002077.jpg,1,718,500,3,511,94,673,272,002077.xml,val
002078.jpg,1,718,500,3,438,84,580,196,002078.xml,train
002079.jpg,1,718,500,3,174,119,250,203,002079.xml,test
002080.jpg,1,718,500,3,261,99,488,242,002080.xml,train
002081.jpg,1,718,500,3,126,88,378,259,002081.xml,train
002082.jpg,1,718,500,3,231,91,463,233,002082.xml,test
002083.jpg,1,718,500,3,551,94,611,189,002083.xml,train
002084.jpg,1,818,628,3,430,141,592,256,002084.xml,test
002085.jpg,1,818,628,3,398,162,564,285,002085.xml,test
002086.jpg,1,818,628,3,327,180,457,328,002086.xml,train
002087.jpg,1,718,500,3,457,74,546,157,002087.xml,val
002088.jpg,1,718,500,3,418,80,525,159,002088.xml,test
002089.jpg,1,718,500,3,496,86,587,151,002089.xml,train
002090.jpg,1,818,628,3,354,223,489,402,002090.xml,train
002091.jpg,1,818,628,3,323,226,523,374,002091.xml,train
002092.jpg,1,818,628,3,446,193,605,379,002092.xml,test
002093.jpg,1,818,628,3,352,230,501,416,002093.xml,train
002094.jpg,1,718,500,3,54,154,386,426,002094.xml,train
002095.jpg,1,718,500,3,219,40,428,171,002095.xml,train
002096.jpg,1,718,500,3,100,38,374,181,002096.xml,train
002097.jpg,1,718,500,3,290,29,533,167,002097.xml,test
002098.jpg,1,818,628,3,540,170,660,279,002098.xml,test
002099.jpg,1,818,628,3,294,220,588,375,002099.xml,test
002100.jpg,1,718,500,3,135,165,255,291,002100.xml,train
002101.jpg,1,677,432,3,296,124,402,223,002101.xml,train
002102.jpg,1,718,500,3,280,180,392,294,002102.xml,val
002103.jpg,1,718,500,3,235,24,584,390,002103.xml,train
002104.jpg,1,718,500,3,101,42,612,362,002104.xml,train
002105.jpg,1,718,500,3,268,83,420,210,002105.xml,train
002106.jpg,1,718,500,3,308,97,522,218,002106.xml,train
002107.jpg,1,718,500,3,305,163,432,296,002107.xml,train
002108.jpg,1,718,500,3,132,138,256,268,002108.xml,train
002109.jpg,1,718,500,3,183,126,259,196,002109.xml,train
002110.jpg,1,718,500,3,339,158,398,214,002110.xml,test
002111.jpg,1,718,500,3,398,151,479,214,002111.xml,train
002112.jpg,1,718,500,3,436,108,629,238,002112.xml,train
002113.jpg,1,718,500,3,362,103,625,251,002113.xml,train
002114.jpg,1,718,500,3,492,149,609,251,002114.xml,val
002115.jpg,1,718,500,3,134,111,375,270,002115.xml,train
002116.jpg,1,439,368,3,164,108,229,150,002116.xml,test
002117.jpg,1,718,500,3,231,97,461,270,002117.xml,train
002118.jpg,1,718,500,3,223,182,269,245,002118.xml,train
002119.jpg,1,718,500,3,458,154,492,213,002119.xml,train
002120.jpg,1,498,429,3,173,172,328,318,002120.xml,train
002121.jpg,1,498,429,3,138,130,208,196,002121.xml,train
002122.jpg,1,818,628,3,405,178,483,248,002122.xml,train
002123.jpg,1,818,628,3,406,121,479,214,002123.xml,train
002124.jpg,1,818,628,3,411,176,490,243,002124.xml,test
002125.jpg,1,498,429,3,146,96,241,181,002125.xml,train
002126.jpg,1,818,628,3,408,125,478,209,002126.xml,train
002127.jpg,1,498,429,3,178,131,243,220,002127.xml,train
002128.jpg,1,718,500,3,331,84,427,193,002128.xml,test
002129.jpg,1,818,628,3,241,73,440,193,002129.xml,train
002130.jpg,1,718,500,3,386,110,461,198,002130.xml,test
002131.jpg,1,718,500,3,367,182,432,253,002131.xml,train
002132.jpg,1,718,500,3,227,209,357,339,002132.xml,train
002133.jpg,1,718,500,3,253,86,427,276,002133.xml,train
002134.jpg,1,718,500,3,345,295,438,373,002134.xml,train
002135.jpg,1,818,628,3,240,106,477,258,002135.xml,test
002136.jpg,1,718,500,3,487,174,588,270,002136.xml,val
002137.jpg,1,718,500,3,282,165,375,260,002137.xml,test
002138.jpg,1,818,628,3,365,132,575,307,002138.xml,train
002139.jpg,1,818,628,3,307,189,467,390,002139.xml,train
002140.jpg,1,718,500,3,485,135,583,235,002140.xml,train
002141.jpg,1,718,500,3,397,119,491,214,002141.xml,train
002142.jpg,1,818,628,3,246,230,375,385,002142.xml,val
002143.jpg,1,818,628,3,308,106,550,268,002143.xml,train
002144.jpg,1,718,500,3,295,80,348,126,002144.xml,train
002145.jpg,1,718,500,3,435,80,499,135,002145.xml,train
002146.jpg,1,718,500,3,342,115,395,189,002146.xml,train
002147.jpg,1,718,500,3,230,200,404,375,002147.xml,train
002148.jpg,1,718,500,3,230,211,403,386,002148.xml,train
002149.jpg,1,718,500,3,141,174,319,364,002149.xml,test
002150.jpg,1,718,500,3,263,226,357,324,002150.xml,train
002151.jpg,1,718,500,3,476,212,566,315,002151.xml,train
002152.jpg,1,718,500,3,119,121,236,222,002152.xml,train
002153.jpg,1,718,500,3,242,108,370,202,002153.xml,val
002154.jpg,1,718,500,3,235,134,299,209,002154.xml,train
002155.jpg,1,718,500,3,285,100,358,195,002155.xml,test
002156.jpg,1,718,500,3,213,119,287,216,002156.xml,train
002157.jpg,1,718,500,3,81,100,612,406,002157.xml,train
002158.jpg,1,718,500,3,356,173,442,313,002158.xml,train
002159.jpg,1,718,500,3,221,178,366,279,002159.xml,train
002160.jpg,1,718,500,3,181,169,324,267,002160.xml,train
002161.jpg,1,718,500,3,210,164,291,290,002161.xml,train
002162.jpg,1,718,500,3,354,162,473,288,002162.xml,train
002163.jpg,1,439,368,3,113,77,391,326,002163.xml,train
002164.jpg,1,439,368,3,117,29,415,320,002164.xml,train
002165.jpg,1,718,500,3,343,92,517,211,002165.xml,train
002166.jpg,1,718,500,3,309,93,463,206,002166.xml,test
002167.jpg,1,718,500,3,390,108,513,204,002167.xml,train
002168.jpg,1,718,500,3,305,123,492,253,002168.xml,train
002169.jpg,1,718,500,3,373,148,489,236,002169.xml,train
002170.jpg,1,718,500,3,302,212,465,347,002170.xml,train
002171.jpg,1,718,500,3,321,221,433,325,002171.xml,test
002172.jpg,1,718,500,3,240,138,329,253,002172.xml,train
002173.jpg,1,718,500,3,232,147,314,242,002173.xml,train
002174.jpg,1,718,500,3,228,175,327,282,002174.xml,train
002175.jpg,1,718,500,3,367,121,461,236,002175.xml,test
002176.jpg,1,718,500,3,300,103,354,161,002176.xml,train
002177.jpg,1,718,500,3,107,35,603,351,002177.xml,train
002178.jpg,1,818,628,3,131,263,234,380,002178.xml,train
002179.jpg,1,818,628,3,344,206,452,336,002179.xml,test
002180.jpg,1,718,500,3,363,195,516,297,002180.xml,test
002181.jpg,1,818,628,3,400,144,511,280,002181.xml,train
002182.jpg,1,718,500,3,343,260,396,342,002182.xml,train
002183.jpg,1,818,628,3,355,247,424,317,002183.xml,val
002184.jpg,1,818,628,3,371,115,523,313,002184.xml,train
002185.jpg,1,718,500,3,247,108,512,240,002185.xml,val
002186.jpg,1,718,500,3,271,99,449,250,002186.xml,train
002187.jpg,1,718,500,3,263,179,419,261,002187.xml,train
002188.jpg,1,718,500,3,465,166,516,211,002188.xml,train
002189.jpg,1,718,500,3,469,127,523,184,002189.xml,train
002190.jpg,1,718,500,3,295,202,382,304,002190.xml,train
002191.jpg,1,718,500,3,359,196,425,291,002191.xml,train
002192.jpg,1,718,500,3,228,152,292,229,002192.xml,train
002193.jpg,1,718,500,3,148,151,227,237,002193.xml,test
002194.jpg,1,718,500,3,219,122,373,288,002194.xml,train
002195.jpg,1,718,500,3,402,99,480,158,002195.xml,train
002196.jpg,1,718,500,3,366,80,440,147,002196.xml,test
002197.jpg,1,718,500,3,274,86,340,138,002197.xml,train
002198.jpg,1,718,500,3,325,274,624,466,002198.xml,train
002199.jpg,1,718,500,3,236,268,393,418,002199.xml,train
002200.jpg,1,718,500,3,105,166,451,444,002200.xml,train
002201.jpg,1,718,500,3,220,72,514,372,002201.xml,test
002202.jpg,1,718,500,3,203,85,538,394,002202.xml,train
002203.jpg,1,718,500,3,188,78,645,404,002203.xml,train
002204.jpg,1,718,500,3,140,92,603,380,002204.xml,train
002205.jpg,1,718,500,3,103,75,512,353,002205.xml,test
002206.jpg,1,718,500,3,275,159,509,403,002206.xml,val
002207.jpg,1,718,500,3,156,133,313,288,002207.xml,train
002208.jpg,1,718,500,3,191,70,558,385,002208.xml,train
002209.jpg,1,718,500,3,232,91,385,174,002209.xml,train
002210.jpg,1,718,500,3,243,111,363,251,002210.xml,val
002211.jpg,1,718,500,3,340,110,425,163,002211.xml,train
002212.jpg,1,718,500,3,409,123,487,179,002212.xml,test
002213.jpg,1,718,500,3,204,98,559,232,002213.xml,val
002214.jpg,1,718,500,3,234,143,562,454,002214.xml,train
002215.jpg,1,718,500,3,416,105,479,158,002215.xml,test
002216.jpg,1,439,368,3,88,125,325,282,002216.xml,train
002217.jpg,1,439,368,3,190,48,309,134,002217.xml,train
002218.jpg,1,439,368,3,188,102,308,232,002218.xml,train
002219.jpg,1,718,500,3,289,118,392,204,002219.xml,train
002220.jpg,1,718,500,3,321,131,433,225,002220.xml,train
002221.jpg,1,718,500,3,117,256,177,331,002221.xml,train
002222.jpg,1,718,500,3,282,118,367,187,002222.xml,train
002223.jpg,1,718,500,3,287,150,338,206,002223.xml,train
002224.jpg,1,718,500,3,224,154,409,305,002224.xml,train
002225.jpg,1,718,500,3,259,134,378,283,002225.xml,test
002226.jpg,1,718,500,3,301,97,419,218,002226.xml,train
002227.jpg,1,718,500,3,332,110,446,220,002227.xml,train
002228.jpg,1,718,500,3,238,113,372,270,002228.xml,train
002229.jpg,1,718,500,3,283,100,519,252,002229.xml,train
002230.jpg,1,718,500,3,278,90,517,241,002230.xml,train
002231.jpg,1,818,628,3,344,121,478,215,002231.xml,test
002232.jpg,1,818,628,3,211,215,273,289,002232.xml,train
002233.jpg,1,718,500,3,158,193,219,257,002233.xml,train
002234.jpg,1,718,500,3,386,116,458,193,002234.xml,train
002235.jpg,1,718,500,3,242,147,389,309,002235.xml,test
002236.jpg,1,718,500,3,465,127,606,252,002236.xml,train
002237.jpg,1,718,500,3,457,129,574,232,002237.xml,test
002238.jpg,1,718,500,3,266,88,398,190,002238.xml,test
002239.jpg,1,718,500,3,276,130,393,266,002239.xml,train
002240.jpg,1,718,500,3,129,170,362,402,002240.xml,train
002241.jpg,1,718,500,3,162,127,432,412,002241.xml,train
002242.jpg,1,718,500,3,292,153,421,315,002242.xml,test
002243.jpg,1,818,628,3,234,142,402,271,002243.xml,test
002244.jpg,1,718,500,3,321,100,520,222,002244.xml,train
002245.jpg,1,718,500,3,206,97,427,227,002245.xml,train
002246.jpg,1,718,500,3,183,99,402,226,002246.xml,train
002247.jpg,1,718,500,3,289,48,479,171,002247.xml,test
002248.jpg,1,718,500,3,330,165,404,276,002248.xml,test
002249.jpg,1,718,500,3,370,165,460,243,002249.xml,train
002250.jpg,1,718,500,3,200,132,291,256,002250.xml,train
002251.jpg,1,718,500,3,276,206,340,308,002251.xml,train
002252.jpg,1,718,500,3,240,141,318,234,002252.xml,train
002253.jpg,1,718,500,3,284,261,402,340,002253.xml,test
002254.jpg,1,439,368,3,186,95,317,225,002254.xml,train
002255.jpg,1,718,500,3,245,140,356,274,002255.xml,train
002256.jpg,1,718,500,3,278,130,411,266,002256.xml,train
002257.jpg,1,718,500,3,319,115,366,153,002257.xml,train
002258.jpg,1,718,500,3,269,135,396,244,002258.xml,val
002259.jpg,1,718,500,3,384,208,435,275,002259.xml,train
002260.jpg,1,718,500,3,146,264,401,400,002260.xml,train
002261.jpg,1,718,500,3,174,264,378,431,002261.xml,test
002262.jpg,1,718,500,3,205,90,272,153,002262.xml,train
002263.jpg,1,718,500,3,364,95,410,139,002263.xml,train
002264.jpg,1,718,500,3,321,169,400,256,002264.xml,test
002265.jpg,1,718,500,3,298,87,361,131,002265.xml,train
002266.jpg,1,498,429,3,209,106,298,184,002266.xml,val
002267.jpg,1,498,429,3,220,145,325,232,002267.xml,train
002268.jpg,1,498,429,3,140,178,204,267,002268.xml,val
002269.jpg,1,439,368,3,101,94,252,189,002269.xml,train
002270.jpg,1,439,368,3,164,98,285,203,002270.xml,train
002271.jpg,1,718,500,3,109,133,655,368,002271.xml,train
002272.jpg,1,718,500,3,56,82,496,412,002272.xml,test
002273.jpg,1,718,500,3,448,122,525,187,002273.xml,train
002274.jpg,1,718,500,3,335,112,411,190,002274.xml,train
002275.jpg,1,718,500,3,283,158,444,281,002275.xml,test
002276.jpg,1,718,500,3,185,146,239,237,002276.xml,train
002277.jpg,1,718,500,3,172,218,222,290,002277.xml,test
002278.jpg,1,718,500,3,313,266,381,348,002278.xml,test
002279.jpg,1,818,628,3,252,159,419,276,002279.xml,train
002280.jpg,1,718,500,3,186,120,258,196,002280.xml,train
002281.jpg,1,718,500,3,306,89,373,170,002281.xml,train
002282.jpg,1,718,500,3,203,111,281,183,002282.xml,train
002283.jpg,1,718,500,3,396,89,473,172,002283.xml,train
002284.jpg,1,466,349,3,160,45,290,138,002284.xml,train
002285.jpg,1,718,500,3,282,163,421,277,002285.xml,train
002286.jpg,1,718,500,3,62,119,244,245,002286.xml,test
002287.jpg,1,718,500,3,228,103,306,156,002287.xml,train
002288.jpg,1,718,500,3,226,84,385,254,002288.xml,val
002289.jpg,1,718,500,3,102,69,440,422,002289.xml,train
002290.jpg,1,718,500,3,174,79,424,264,002290.xml,test
002291.jpg,1,718,500,3,198,272,268,347,002291.xml,val
002292.jpg,1,718,500,3,357,83,566,212,002292.xml,train
002293.jpg,1,718,500,3,289,92,473,279,002293.xml,train
002294.jpg,1,718,500,3,443,98,535,181,002294.xml,test
002295.jpg,1,718,500,3,409,159,481,226,002295.xml,test
002296.jpg,1,718,500,3,156,229,286,338,002296.xml,train
002297.jpg,1,718,500,3,147,204,305,331,002297.xml,train
002298.jpg,1,718,500,3,145,226,284,346,002298.xml,train
002299.jpg,1,818,628,3,365,231,466,333,002299.xml,train
002300.jpg,1,818,628,3,333,207,482,307,002300.xml,train
002301.jpg,1,818,628,3,346,214,440,306,002301.xml,train
002302.jpg,1,718,500,3,235,83,339,161,002302.xml,train
002303.jpg,1,718,500,3,192,123,293,202,002303.xml,train
002304.jpg,1,718,500,3,308,121,373,177,002304.xml,train
002305.jpg,1,818,628,3,283,164,424,264,002305.xml,train
002306.jpg,1,718,500,3,471,111,583,206,002306.xml,test
002307.jpg,1,718,500,3,449,132,530,216,002307.xml,val
002308.jpg,1,718,500,3,234,115,333,230,002308.xml,train
002309.jpg,1,718,500,3,357,109,480,208,002309.xml,train
002310.jpg,1,718,500,3,383,118,457,209,002310.xml,test
002311.jpg,1,818,628,3,385,197,482,272,002311.xml,train
002312.jpg,1,818,628,3,404,170,532,267,002312.xml,train
002313.jpg,1,818,628,3,327,211,595,438,002313.xml,train
002314.jpg,1,718,500,3,436,156,478,203,002314.xml,train
002315.jpg,1,718,500,3,207,123,404,234,002315.xml,val
002316.jpg,1,718,500,3,104,161,488,376,002316.xml,train
002317.jpg,1,718,500,3,261,266,372,388,002317.xml,test
002318.jpg,1,718,500,3,133,74,459,328,002318.xml,val
002319.jpg,1,718,500,3,141,78,471,316,002319.xml,train
002320.jpg,1,718,500,3,329,139,410,218,002320.xml,train
002321.jpg,1,718,500,3,123,59,425,332,002321.xml,train
002322.jpg,1,718,500,3,181,60,450,371,002322.xml,val
002323.jpg,1,718,500,3,81,48,357,383,002323.xml,train
002324.jpg,1,718,500,3,54,64,354,403,002324.xml,train
002325.jpg,1,718,500,3,331,77,465,173,002325.xml,train
002326.jpg,1,718,500,3,238,140,322,190,002326.xml,test
002327.jpg,1,718,500,3,308,245,366,314,002327.xml,train
002328.jpg,1,718,500,3,369,245,435,306,002328.xml,test
002329.jpg,1,718,500,3,222,151,380,237,002329.xml,train
002330.jpg,1,718,500,3,262,166,405,241,002330.xml,train
002331.jpg,1,718,500,3,233,148,386,230,002331.xml,train
002332.jpg,1,718,500,3,234,106,480,237,002332.xml,val
002333.jpg,1,718,500,3,235,109,474,243,002333.xml,train
002334.jpg,1,718,500,3,12,94,248,420,002334.xml,val
002335.jpg,1,718,500,3,188,78,570,349,002335.xml,test
002336.jpg,1,718,500,3,190,90,569,368,002336.xml,train
002337.jpg,1,818,628,3,373,164,448,256,002337.xml,train
002338.jpg,1,439,368,3,217,62,416,170,002338.xml,train
002339.jpg,0,718,500,3,393,185,440,217,002339.xml,test
002340.jpg,0,718,500,3,362,184,402,217,002340.xml,test
002341.jpg,0,718,500,3,350,139,395,182,002341.xml,train
002342.jpg,0,718,500,3,239,127,279,175,002342.xml,val
002343.jpg,0,718,500,3,339,99,379,142,002343.xml,test
002344.jpg,0,718,500,3,362,166,437,208,002344.xml,train
002345.jpg,0,718,500,3,244,162,311,225,002345.xml,train
002346.jpg,0,718,500,3,347,283,406,337,002346.xml,train
002347.jpg,1,718,500,3,235,69,373,173,002347.xml,train
002348.jpg,0,718,500,3,174,179,211,212,002348.xml,train
002349.jpg,0,818,628,3,246,71,505,211,002349.xml,train
002350.jpg,0,439,368,3,145,124,253,213,002350.xml,train
002351.jpg,0,439,368,3,98,163,134,198,002351.xml,val
002352.jpg,0,718,500,3,353,67,409,111,002352.xml,train
002353.jpg,0,718,500,3,491,143,533,179,002353.xml,train
002354.jpg,0,718,500,3,389,59,506,130,002354.xml,val
002355.jpg,1,718,500,3,309,143,450,221,002355.xml,train
002356.jpg,0,718,500,3,345,188,382,213,002356.xml,test
002357.jpg,0,718,500,3,232,145,541,331,002357.xml,val
002358.jpg,0,718,500,3,533,199,586,231,002358.xml,train
002359.jpg,0,718,500,3,291,196,370,251,002359.xml,test
002360.jpg,0,718,500,3,353,178,451,248,002360.xml,train
002361.jpg,0,718,500,3,347,137,474,205,002361.xml,train
002362.jpg,0,818,628,3,520,180,586,254,002362.xml,test
002363.jpg,0,718,500,3,198,235,299,299,002363.xml,train
002364.jpg,0,718,500,3,325,148,463,274,002364.xml,test
002365.jpg,0,718,500,3,205,157,285,222,002365.xml,test
002366.jpg,0,718,500,3,221,54,491,193,002366.xml,test
002367.jpg,0,718,500,3,397,117,514,189,002367.xml,test
002368.jpg,0,718,500,3,306,82,403,177,002368.xml,test
002369.jpg,0,718,500,3,422,100,500,171,002369.xml,train
002370.jpg,0,718,500,3,363,83,434,123,002370.xml,train
002371.jpg,0,718,500,3,411,257,456,327,002371.xml,train
002372.jpg,0,718,500,3,409,187,509,283,002372.xml,train
002373.jpg,0,718,500,3,199,180,278,220,002373.xml,test
002374.jpg,0,718,500,3,358,58,497,134,002374.xml,test
002375.jpg,0,718,500,3,442,92,544,143,002375.xml,train
002376.jpg,0,718,500,3,556,153,639,201,002376.xml,val
002377.jpg,0,718,500,3,340,72,382,106,002377.xml,train
002378.jpg,0,718,500,3,428,80,479,111,002378.xml,train
002379.jpg,0,718,500,3,323,118,575,277,002379.xml,train
002380.jpg,0,718,500,3,271,243,381,327,002380.xml,train
002381.jpg,0,818,628,3,294,211,350,259,002381.xml,test
002382.jpg,0,818,628,3,241,144,378,222,002382.xml,test
002383.jpg,0,718,500,3,347,196,389,232,002383.xml,train
002384.jpg,0,718,500,3,379,171,413,206,002384.xml,train
002385.jpg,0,818,628,3,310,104,575,234,002385.xml,train
002386.jpg,0,498,429,3,61,80,426,319,002386.xml,train
002387.jpg,0,718,500,3,324,95,641,229,002387.xml,train
002388.jpg,0,718,500,3,420,172,469,202,002388.xml,train
002389.jpg,0,718,500,3,388,167,564,267,002389.xml,train
002390.jpg,0,718,500,3,405,186,577,272,002390.xml,train
002391.jpg,0,718,500,3,179,175,219,201,002391.xml,train
002392.jpg,0,818,628,3,205,141,296,197,002392.xml,train
002393.jpg,0,718,500,3,464,169,542,247,002393.xml,train
002394.jpg,0,498,429,3,320,121,376,162,002394.xml,train
002395.jpg,0,818,628,3,196,212,293,269,002395.xml,train
002396.jpg,0,718,500,3,382,123,413,161,002396.xml,test
002397.jpg,0,718,500,3,345,362,397,425,002397.xml,train
002398.jpg,0,718,500,3,361,353,412,428,002398.xml,train
002399.jpg,0,439,368,3,202,112,238,150,002399.xml,train
002400.jpg,0,718,500,3,343,206,574,374,002400.xml,train
002401.jpg,0,718,500,3,216,95,592,221,002401.xml,train
002402.jpg,0,718,500,3,171,275,254,329,002402.xml,train
002403.jpg,0,718,500,3,262,278,298,318,002403.xml,train
002404.jpg,0,718,500,3,359,211,401,288,002404.xml,train
002405.jpg,0,718,500,3,386,100,473,171,002405.xml,train
002406.jpg,0,498,429,3,279,82,361,165,002406.xml,train
002407.jpg,0,498,429,3,238,86,322,148,002407.xml,train
002408.jpg,0,718,500,3,294,143,385,193,002408.xml,train
002409.jpg,0,718,500,3,607,262,709,347,002409.xml,train
002410.jpg,0,718,500,3,409,259,540,336,002410.xml,train
002411.jpg,0,718,500,3,120,127,206,176,002411.xml,train
002412.jpg,0,718,500,3,272,148,482,270,002412.xml,train
002413.jpg,0,718,500,3,548,173,717,331,002413.xml,train
002414.jpg,0,718,500,3,202,134,427,264,002414.xml,train
002415.jpg,0,718,500,3,203,164,506,335,002415.xml,train
002416.jpg,0,718,500,3,490,166,685,324,002416.xml,train
002417.jpg,0,718,500,3,223,146,425,257,002417.xml,train
002418.jpg,0,718,500,3,319,224,458,315,002418.xml,train
002419.jpg,0,718,500,3,430,121,503,183,002419.xml,val
002420.jpg,0,718,500,3,403,331,458,364,002420.xml,test
002421.jpg,0,718,500,3,355,106,404,142,002421.xml,val
002422.jpg,0,718,500,3,416,121,586,221,002422.xml,train
002423.jpg,0,718,500,3,258,90,308,133,002423.xml,train
002424.jpg,0,718,500,3,211,68,276,100,002424.xml,val
002425.jpg,0,718,500,3,332,111,504,249,002425.xml,train
002426.jpg,0,718,500,3,142,105,331,244,002426.xml,train
002427.jpg,0,718,500,3,190,153,248,213,002427.xml,train
002428.jpg,0,718,500,3,372,193,413,226,002428.xml,val
002429.jpg,0,718,500,3,405,165,456,210,002429.xml,test
002430.jpg,0,718,500,3,340,156,451,238,002430.xml,train
002431.jpg,0,718,500,3,278,21,343,56,002431.xml,val
002432.jpg,0,718,500,3,281,133,332,190,002432.xml,train
002433.jpg,0,718,500,3,161,134,234,192,002433.xml,train
002434.jpg,0,718,500,3,151,177,206,233,002434.xml,val
002435.jpg,0,718,500,3,337,221,396,281,002435.xml,test
002436.jpg,0,718,500,3,334,192,396,253,002436.xml,train
002437.jpg,0,718,500,3,405,134,454,182,002437.xml,train
002438.jpg,0,718,500,3,374,138,422,167,002438.xml,train
002439.jpg,0,718,500,3,274,171,337,212,002439.xml,train
002440.jpg,0,718,500,3,459,94,500,133,002440.xml,train
002441.jpg,0,718,500,3,175,123,240,161,002441.xml,train
002442.jpg,0,718,500,3,263,166,400,292,002442.xml,train
002443.jpg,0,718,500,3,238,178,369,274,002443.xml,train
002444.jpg,0,718,500,3,279,178,394,280,002444.xml,train
002445.jpg,0,439,368,3,239,71,396,163,002445.xml,train
002446.jpg,0,718,500,3,367,93,520,171,002446.xml,train
002447.jpg,0,718,500,3,281,242,483,369,002447.xml,train
002448.jpg,0,718,500,3,310,284,376,367,002448.xml,test
002449.jpg,0,718,500,3,403,279,442,338,002449.xml,train
002450.jpg,0,718,500,3,189,238,318,325,002450.xml,train
002451.jpg,0,718,500,3,292,305,377,367,002451.xml,test
002452.jpg,0,718,500,3,271,295,335,366,002452.xml,train
002453.jpg,0,718,500,3,326,125,625,287,002453.xml,train
002454.jpg,0,718,500,3,443,252,466,285,002454.xml,train
002455.jpg,0,718,500,3,256,131,313,189,002455.xml,train
002456.jpg,0,718,500,3,365,242,394,274,002456.xml,test
002457.jpg,0,718,500,3,499,133,586,182,002457.xml,train
002458.jpg,0,718,500,3,299,72,410,179,002458.xml,train
002459.jpg,0,718,500,3,428,145,472,196,002459.xml,test
002460.jpg,0,718,500,3,310,126,374,177,002460.xml,val
002461.jpg,0,718,500,3,321,262,418,330,002461.xml,test
002462.jpg,0,718,500,3,277,264,373,327,002462.xml,val
002463.jpg,0,718,500,3,276,237,353,300,002463.xml,train
002464.jpg,0,718,500,3,258,236,309,282,002464.xml,train
002465.jpg,0,718,500,3,528,258,622,317,002465.xml,test
002466.jpg,0,718,500,3,643,283,717,353,002466.xml,train
002467.jpg,0,718,500,3,270,185,395,297,002467.xml,train
002468.jpg,0,718,500,3,210,155,250,191,002468.xml,train
002469.jpg,0,718,500,3,393,162,477,234,002469.xml,train
002470.jpg,0,718,500,3,224,153,316,227,002470.xml,train
002471.jpg,0,718,500,3,211,226,269,269,002471.xml,train
002472.jpg,0,718,500,3,290,234,342,270,002472.xml,train
002473.jpg,0,818,628,3,253,193,565,377,002473.xml,train
002474.jpg,0,718,500,3,333,269,361,308,002474.xml,test
002475.jpg,0,718,500,3,348,308,393,346,002475.xml,train
002476.jpg,0,718,500,3,250,220,303,265,002476.xml,train
002477.jpg,0,718,500,3,116,162,193,206,002477.xml,train
002478.jpg,0,718,500,3,271,193,471,324,002478.xml,val
002479.jpg,0,718,500,3,305,237,384,327,002479.xml,train
002480.jpg,0,718,500,3,317,226,408,327,002480.xml,train
002481.jpg,0,718,500,3,340,216,404,277,002481.xml,train
002482.jpg,0,718,500,3,322,187,432,282,002482.xml,train
002483.jpg,0,718,500,3,278,81,592,313,002483.xml,test
002484.jpg,0,718,500,3,396,232,451,285,002484.xml,train
002485.jpg,0,718,500,3,389,221,436,274,002485.xml,train
002486.jpg,0,439,368,3,125,91,177,123,002486.xml,train
002487.jpg,0,818,628,3,297,189,350,250,002487.xml,val
002488.jpg,0,718,500,3,313,101,506,213,002488.xml,train
002489.jpg,0,718,500,3,279,124,499,226,002489.xml,train
002490.jpg,0,718,500,3,588,173,623,225,002490.xml,train
002491.jpg,1,718,500,3,210,94,410,328,002491.xml,train
002492.jpg,1,718,500,3,140,75,403,297,002492.xml,train
002493.jpg,1,718,500,3,131,69,388,314,002493.xml,train
002494.jpg,1,718,500,3,268,37,359,100,002494.xml,val
002495.jpg,1,718,500,3,317,45,409,119,002495.xml,val
002496.jpg,1,718,500,3,212,114,329,253,002496.xml,test
002497.jpg,1,718,500,3,219,111,362,244,002497.xml,val
002498.jpg,1,718,500,3,231,140,492,332,002498.xml,test
002499.jpg,1,718,500,3,382,142,567,353,002499.xml,train
002500.jpg,1,718,500,3,337,131,566,339,002500.xml,train
002501.jpg,1,718,500,3,195,142,464,339,002501.xml,train
002502.jpg,1,718,500,3,142,138,413,366,002502.xml,train
002503.jpg,1,718,500,3,370,129,518,243,002503.xml,test
002504.jpg,1,718,500,3,429,262,482,335,002504.xml,val
002505.jpg,1,718,500,3,175,130,523,366,002505.xml,val
002506.jpg,1,718,500,3,161,93,564,349,002506.xml,val
002507.jpg,1,718,500,3,175,54,564,332,002507.xml,train
002508.jpg,1,718,500,3,265,132,344,222,002508.xml,train
002509.jpg,1,718,500,3,256,129,339,206,002509.xml,train
002510.jpg,1,818,628,3,223,194,319,324,002510.xml,train
002511.jpg,1,818,628,3,283,190,355,294,002511.xml,train
002512.jpg,1,439,368,3,173,156,253,241,002512.xml,train
002513.jpg,1,718,500,3,218,52,308,168,002513.xml,test
002514.jpg,0,718,500,3,129,47,606,335,002514.xml,train
002515.jpg,1,718,500,3,270,110,393,204,002515.xml,test
002516.jpg,1,718,500,3,276,122,387,224,002516.xml,val
002517.jpg,0,718,500,3,377,163,416,187,002517.xml,test
002518.jpg,1,818,628,3,280,81,460,243,002518.xml,test
002519.jpg,1,818,628,3,262,112,418,267,002519.xml,test
002520.jpg,1,818,628,3,343,92,528,257,002520.xml,val
002521.jpg,1,718,500,3,425,125,650,298,002521.xml,test
002522.jpg,1,718,500,3,212,97,402,309,002522.xml,train
002523.jpg,1,718,500,3,337,135,570,319,002523.xml,train
002524.jpg,0,498,429,3,152,85,266,171,002524.xml,train
002525.jpg,1,818,628,3,334,158,451,280,002525.xml,train
002526.jpg,1,718,500,3,199,95,367,234,002526.xml,val
002527.jpg,1,718,500,3,285,218,410,316,002527.xml,val
002528.jpg,1,718,500,3,283,181,419,325,002528.xml,train
002529.jpg,1,718,500,3,331,205,409,307,002529.xml,val
002530.jpg,1,818,628,3,295,140,390,236,002530.xml,train
002531.jpg,1,439,368,3,162,68,300,157,002531.xml,train
002532.jpg,1,718,500,3,185,100,346,228,002532.xml,train
002533.jpg,1,718,500,3,240,101,417,253,002533.xml,val
002534.jpg,1,718,500,3,355,101,528,242,002534.xml,train
002535.jpg,1,718,500,3,366,111,521,276,002535.xml,train
002536.jpg,1,718,500,3,413,100,553,262,002536.xml,train
002537.jpg,1,718,500,3,226,74,517,245,002537.xml,train
002538.jpg,1,718,500,3,315,76,579,314,002538.xml,val
002539.jpg,1,718,500,3,302,62,571,314,002539.xml,train
002540.jpg,1,718,500,3,342,75,586,238,002540.xml,train
002541.jpg,1,718,500,3,283,130,532,412,002541.xml,train
002542.jpg,1,718,500,3,330,135,552,402,002542.xml,train
002543.jpg,1,718,500,3,402,143,493,216,002543.xml,train
002544.jpg,1,718,500,3,355,163,456,281,002544.xml,train
002545.jpg,1,718,500,3,419,203,502,311,002545.xml,test
002546.jpg,1,718,500,3,254,195,525,457,002546.xml,test
002547.jpg,0,718,500,3,135,112,521,334,002547.xml,train
002548.jpg,0,718,500,3,140,125,528,380,002548.xml,train
002549.jpg,0,818,628,3,236,59,640,412,002549.xml,train
002550.jpg,1,718,500,3,287,42,388,115,002550.xml,train
002551.jpg,1,718,500,3,430,169,520,262,002551.xml,test
002552.jpg,0,718,500,3,225,285,282,336,002552.xml,train
002553.jpg,1,818,628,3,416,138,545,272,002553.xml,train
002554.jpg,1,818,628,3,336,135,477,261,002554.xml,test
002555.jpg,1,718,500,3,394,222,480,336,002555.xml,train
002556.jpg,1,718,500,3,252,142,382,275,002556.xml,train
002557.jpg,1,718,500,3,204,90,410,229,002557.xml,train
002558.jpg,1,718,500,3,308,103,469,277,002558.xml,train
002559.jpg,1,718,500,3,366,75,592,240,002559.xml,train
002560.jpg,1,718,500,3,411,143,541,295,002560.xml,train
002561.jpg,1,718,500,3,345,148,500,327,002561.xml,train
002562.jpg,1,718,500,3,429,147,528,301,002562.xml,test
002563.jpg,1,718,500,3,236,187,289,260,002563.xml,test
002564.jpg,0,718,500,3,264,53,434,143,002564.xml,train
002565.jpg,1,677,432,3,385,49,516,170,002565.xml,train
002566.jpg,1,677,432,3,350,53,498,189,002566.xml,train
002567.jpg,1,677,432,3,321,175,480,290,002567.xml,train
002568.jpg,1,677,432,3,382,170,543,287,002568.xml,train
002569.jpg,1,718,500,3,341,119,454,222,002569.xml,train
002570.jpg,1,718,500,3,308,135,422,241,002570.xml,train
002571.jpg,1,718,500,3,350,137,454,234,002571.xml,test
002572.jpg,0,718,500,3,306,174,376,220,002572.xml,val
002573.jpg,1,818,628,3,235,189,384,362,002573.xml,train
002574.jpg,1,718,500,3,331,138,401,234,002574.xml,train
002575.jpg,1,718,500,3,258,238,366,330,002575.xml,test
002576.jpg,1,718,500,3,254,230,369,320,002576.xml,train
002577.jpg,1,718,500,3,278,224,366,320,002577.xml,test
002578.jpg,1,718,500,3,305,226,406,308,002578.xml,test
002579.jpg,1,718,500,3,341,119,416,198,002579.xml,train
002580.jpg,1,718,500,3,325,100,412,188,002580.xml,val
002581.jpg,1,718,500,3,228,18,371,133,002581.xml,test
002582.jpg,1,718,500,3,325,86,389,169,002582.xml,test
002583.jpg,1,718,500,3,307,87,367,175,002583.xml,train
002584.jpg,1,718,500,3,484,145,561,235,002584.xml,train
002585.jpg,1,718,500,3,289,111,351,200,002585.xml,train
002586.jpg,1,718,500,3,400,106,490,214,002586.xml,train
002587.jpg,1,718,500,3,255,116,340,224,002587.xml,train
002588.jpg,0,498,429,3,197,177,348,283,002588.xml,test
002589.jpg,0,718,500,3,328,96,629,214,002589.xml,train
002590.jpg,0,718,500,3,272,170,313,218,002590.xml,train
002591.jpg,1,718,500,3,234,280,307,354,002591.xml,train
002592.jpg,1,718,500,3,270,242,334,304,002592.xml,val
002593.jpg,1,718,500,3,309,137,449,291,002593.xml,train
002594.jpg,1,718,500,3,372,121,523,254,002594.xml,train
002595.jpg,1,718,500,3,93,143,235,250,002595.xml,train
002596.jpg,1,718,500,3,340,87,464,184,002596.xml,train
002597.jpg,1,718,500,3,221,147,294,210,002597.xml,train
002598.jpg,1,718,500,3,227,53,362,224,002598.xml,train
002599.jpg,1,718,500,3,228,71,390,250,002599.xml,val
002600.jpg,1,718,500,3,324,113,419,228,002600.xml,train
002601.jpg,1,718,500,3,239,100,323,196,002601.xml,val
002602.jpg,1,718,500,3,214,99,309,213,002602.xml,train
002603.jpg,1,718,500,3,294,115,392,213,002603.xml,train
002604.jpg,1,718,500,3,466,127,601,195,002604.xml,test
002605.jpg,1,718,500,3,327,140,418,220,002605.xml,train
002606.jpg,0,718,500,3,451,231,615,325,002606.xml,test
002607.jpg,1,718,500,3,156,172,276,328,002607.xml,train
002608.jpg,1,718,500,3,286,97,417,198,002608.xml,train
002609.jpg,1,718,500,3,186,84,323,184,002609.xml,train
002610.jpg,1,718,500,3,198,131,283,235,002610.xml,test
002611.jpg,1,818,628,3,299,117,572,291,002611.xml,train
002612.jpg,1,718,500,3,200,174,332,310,002612.xml,train
002613.jpg,1,718,500,3,290,163,424,324,002613.xml,train
002614.jpg,1,718,500,3,345,171,450,303,002614.xml,val
002615.jpg,1,718,500,3,278,113,501,330,002615.xml,train
002616.jpg,1,718,500,3,293,152,484,353,002616.xml,train
002617.jpg,1,718,500,3,279,59,432,172,002617.xml,train
002618.jpg,1,718,500,3,274,55,417,162,002618.xml,test
002619.jpg,1,718,500,3,215,38,301,94,002619.xml,train
002620.jpg,1,718,500,3,264,48,351,126,002620.xml,train
002621.jpg,1,718,500,3,270,48,354,113,002621.xml,test
002622.jpg,1,718,500,3,240,52,318,116,002622.xml,val
002623.jpg,1,718,500,3,275,52,351,115,002623.xml,test
002624.jpg,1,718,500,3,293,92,379,166,002624.xml,train
002625.jpg,1,718,500,3,300,95,367,169,002625.xml,val
002626.jpg,1,718,500,3,355,110,428,190,002626.xml,train
002627.jpg,1,718,500,3,353,113,435,196,002627.xml,train
002628.jpg,1,718,500,3,346,118,422,190,002628.xml,train
002629.jpg,1,718,500,3,15,67,571,419,002629.xml,train
002630.jpg,1,718,500,3,74,68,472,423,002630.xml,train
002631.jpg,1,718,500,3,347,116,475,224,002631.xml,test
002632.jpg,1,718,500,3,275,130,380,258,002632.xml,train
002633.jpg,1,818,628,3,346,202,468,318,002633.xml,train
002634.jpg,1,818,628,3,417,114,482,211,002634.xml,train
002635.jpg,1,818,628,3,284,125,367,220,002635.xml,train
002636.jpg,1,718,500,3,309,174,357,233,002636.xml,train
002637.jpg,1,718,500,3,228,138,277,200,002637.xml,test
002638.jpg,1,718,500,3,292,173,461,301,002638.xml,train
002639.jpg,1,718,500,3,181,197,322,308,002639.xml,val
002640.jpg,1,718,500,3,264,128,486,284,002640.xml,train
002641.jpg,1,718,500,3,476,124,538,198,002641.xml,train
002642.jpg,1,718,500,3,290,59,441,232,002642.xml,train
002643.jpg,1,718,500,3,181,39,361,238,002643.xml,train
002644.jpg,1,718,500,3,229,43,373,220,002644.xml,train
002645.jpg,1,718,500,3,87,88,615,322,002645.xml,train
002646.jpg,1,718,500,3,132,54,569,295,002646.xml,test
002647.jpg,1,718,500,3,298,60,492,344,002647.xml,train
002648.jpg,1,818,628,3,312,187,406,281,002648.xml,train
002649.jpg,1,818,628,3,373,191,494,333,002649.xml,train
002650.jpg,1,818,628,3,343,179,443,261,002650.xml,train
002651.jpg,1,718,500,3,350,112,463,263,002651.xml,train
002652.jpg,1,718,500,3,297,101,429,257,002652.xml,val
002653.jpg,1,718,500,3,278,56,456,171,002653.xml,test
002654.jpg,1,718,500,3,221,69,389,173,002654.xml,train
002655.jpg,1,718,500,3,267,82,505,232,002655.xml,train
002656.jpg,1,718,500,3,313,76,537,227,002656.xml,train
002657.jpg,1,718,500,3,270,211,332,291,002657.xml,train
002658.jpg,1,718,500,3,165,177,264,244,002658.xml,train
002659.jpg,1,718,500,3,329,177,381,235,002659.xml,train
002660.jpg,1,718,500,3,297,166,370,237,002660.xml,test
002661.jpg,0,718,500,3,336,119,367,152,002661.xml,val
002662.jpg,1,718,500,3,311,44,469,230,002662.xml,test
002663.jpg,1,718,500,3,303,74,442,248,002663.xml,train
002664.jpg,1,718,500,3,299,51,442,233,002664.xml,test
002665.jpg,1,718,500,3,201,76,317,174,002665.xml,test
002666.jpg,1,718,500,3,177,75,308,190,002666.xml,val
002667.jpg,1,718,500,3,356,148,441,241,002667.xml,train
002668.jpg,1,718,500,3,384,102,484,186,002668.xml,train
002669.jpg,1,718,500,3,414,109,517,186,002669.xml,test
002670.jpg,1,718,500,3,302,118,420,213,002670.xml,train
002671.jpg,1,818,628,3,330,217,393,301,002671.xml,train
002672.jpg,1,498,429,3,174,135,305,301,002672.xml,train
002673.jpg,1,439,368,3,136,99,281,220,002673.xml,train
002674.jpg,1,718,500,3,348,53,524,200,002674.xml,train
002675.jpg,1,718,500,3,243,64,513,296,002675.xml,test
002676.jpg,1,718,500,3,260,87,449,276,002676.xml,train
002677.jpg,1,718,500,3,294,140,400,228,002677.xml,val
002678.jpg,1,718,500,3,289,99,568,281,002678.xml,test
002679.jpg,1,718,500,3,283,86,511,259,002679.xml,train
002680.jpg,1,718,500,3,232,117,591,362,002680.xml,test
002681.jpg,0,718,500,3,241,106,515,223,002681.xml,train
002682.jpg,1,818,628,3,250,98,449,338,002682.xml,test
002683.jpg,1,818,628,3,261,73,522,300,002683.xml,test
002684.jpg,1,818,628,3,206,77,463,303,002684.xml,val
002685.jpg,0,718,500,3,240,96,518,218,002685.xml,train
002686.jpg,1,718,500,3,285,94,380,188,002686.xml,test
002687.jpg,1,718,500,3,420,109,508,189,002687.xml,train
002688.jpg,1,718,500,3,190,100,285,190,002688.xml,val
002689.jpg,1,718,500,3,195,105,274,167,002689.xml,test
002690.jpg,1,718,500,3,203,112,269,165,002690.xml,test
002691.jpg,1,718,500,3,216,88,294,165,002691.xml,train
002692.jpg,1,718,500,3,331,94,414,172,002692.xml,train
002693.jpg,1,718,500,3,234,97,385,251,002693.xml,train
002694.jpg,1,718,500,3,333,105,474,253,002694.xml,train
002695.jpg,1,718,500,3,281,137,364,213,002695.xml,train
002696.jpg,1,718,500,3,283,130,365,193,002696.xml,train
002697.jpg,1,718,500,3,281,108,353,200,002697.xml,test
002698.jpg,1,718,500,3,338,166,440,254,002698.xml,train
002699.jpg,1,818,628,3,179,166,352,268,002699.xml,train
002700.jpg,1,818,628,3,158,169,338,291,002700.xml,test
002701.jpg,1,718,500,3,327,188,417,313,002701.xml,test
002702.jpg,1,718,500,3,350,164,476,315,002702.xml,test
002703.jpg,1,718,500,3,355,175,475,319,002703.xml,train
002704.jpg,1,718,500,3,211,151,334,307,002704.xml,train
002705.jpg,1,818,628,3,361,167,432,246,002705.xml,train
002706.jpg,1,818,628,3,277,165,390,236,002706.xml,train
002707.jpg,1,718,500,3,226,104,289,171,002707.xml,test
002708.jpg,1,718,500,3,213,90,261,142,002708.xml,train
002709.jpg,1,718,500,3,156,99,445,275,002709.xml,train
002710.jpg,1,718,500,3,312,98,365,145,002710.xml,train
002711.jpg,1,818,628,3,322,85,534,357,002711.xml,train
002712.jpg,1,718,500,3,321,108,516,272,002712.xml,train
002713.jpg,1,718,500,3,219,106,315,219,002713.xml,train
002714.jpg,1,718,500,3,175,38,351,209,002714.xml,train
002715.jpg,1,718,500,3,277,32,443,209,002715.xml,train
002716.jpg,1,718,500,3,370,103,509,196,002716.xml,train
002717.jpg,1,718,500,3,337,102,468,214,002717.xml,val
002718.jpg,1,718,500,3,343,63,420,141,002718.xml,train
002719.jpg,1,718,500,3,248,32,325,84,002719.xml,train
002720.jpg,1,718,500,3,266,131,413,267,002720.xml,train
002721.jpg,1,718,500,3,469,148,536,222,002721.xml,train
002722.jpg,1,718,500,3,372,129,512,268,002722.xml,test
002723.jpg,1,718,500,3,280,35,436,179,002723.xml,train
002724.jpg,1,718,500,3,223,74,386,200,002724.xml,test
002725.jpg,1,439,368,3,138,91,318,232,002725.xml,train
002726.jpg,1,439,368,3,135,101,320,224,002726.xml,test
002727.jpg,1,718,500,3,244,131,348,221,002727.xml,train
002728.jpg,1,718,500,3,453,181,561,292,002728.xml,train
002729.jpg,0,718,500,3,194,143,258,194,002729.xml,train
002730.jpg,1,818,628,3,344,158,512,313,002730.xml,test
002731.jpg,1,818,628,3,293,106,479,256,002731.xml,train
002732.jpg,1,818,628,3,238,284,411,438,002732.xml,train
002733.jpg,1,718,500,3,156,110,341,260,002733.xml,test
002734.jpg,1,718,500,3,202,94,388,259,002734.xml,train
002735.jpg,1,718,500,3,210,62,321,188,002735.xml,test
002736.jpg,1,718,500,3,292,64,430,190,002736.xml,test
002737.jpg,1,718,500,3,300,72,433,165,002737.xml,train
002738.jpg,1,718,500,3,179,114,302,203,002738.xml,test
002739.jpg,1,718,500,3,354,80,434,186,002739.xml,train
002740.jpg,1,718,500,3,384,75,460,162,002740.xml,train
002741.jpg,1,718,500,3,339,67,442,161,002741.xml,train
002742.jpg,1,718,500,3,314,134,450,238,002742.xml,train
002743.jpg,1,718,500,3,313,127,404,268,002743.xml,train
002744.jpg,1,718,500,3,102,37,387,280,002744.xml,test
002745.jpg,1,718,500,3,153,54,515,317,002745.xml,train
002746.jpg,1,718,500,3,298,122,368,219,002746.xml,train
002747.jpg,1,718,500,3,458,235,554,314,002747.xml,train
002748.jpg,1,718,500,3,365,79,463,148,002748.xml,train
002749.jpg,1,718,500,3,124,100,192,173,002749.xml,test
002750.jpg,1,718,500,3,128,63,317,174,002750.xml,train
002751.jpg,1,718,500,3,142,71,341,177,002751.xml,test
002752.jpg,1,718,500,3,52,71,283,195,002752.xml,train
002753.jpg,1,718,500,3,287,72,442,214,002753.xml,train
002754.jpg,1,718,500,3,215,72,393,211,002754.xml,train
002755.jpg,1,718,500,3,264,124,366,203,002755.xml,train
002756.jpg,1,718,500,3,321,115,424,210,002756.xml,train
002757.jpg,1,498,429,3,168,180,251,259,002757.xml,train
002758.jpg,0,718,500,3,453,150,565,223,002758.xml,train
002759.jpg,1,718,500,3,268,198,333,272,002759.xml,test
002760.jpg,1,718,500,3,335,184,460,290,002760.xml,train
002761.jpg,1,718,500,3,381,193,473,290,002761.xml,train
002762.jpg,1,718,500,3,304,159,495,297,002762.xml,train
002763.jpg,1,718,500,3,287,105,358,177,002763.xml,train
002764.jpg,1,718,500,3,331,100,414,203,002764.xml,train
002765.jpg,0,818,628,3,245,159,307,214,002765.xml,train
002766.jpg,0,718,500,3,103,49,562,316,002766.xml,train
002767.jpg,1,718,500,3,483,72,531,141,002767.xml,train
002768.jpg,1,718,500,3,211,88,461,276,002768.xml,train
002769.jpg,0,718,500,3,123,99,461,370,002769.xml,train
002770.jpg,0,718,500,3,126,111,588,363,002770.xml,train
002771.jpg,1,718,500,3,282,130,442,246,002771.xml,test
002772.jpg,1,718,500,3,211,60,471,236,002772.xml,train
002773.jpg,1,718,500,3,194,236,297,315,002773.xml,train
002774.jpg,1,718,500,3,148,211,259,313,002774.xml,train
002775.jpg,1,718,500,3,281,71,413,216,002775.xml,train
002776.jpg,1,718,500,3,275,72,396,211,002776.xml,val
002777.jpg,1,718,500,3,188,148,326,267,002777.xml,train
002778.jpg,1,718,500,3,310,94,432,206,002778.xml,train
002779.jpg,1,718,500,3,127,93,530,428,002779.xml,train
002780.jpg,1,718,500,3,184,105,552,459,002780.xml,test
002781.jpg,1,718,500,3,118,123,400,315,002781.xml,train
002782.jpg,1,718,500,3,101,140,458,328,002782.xml,train
002783.jpg,1,718,500,3,198,66,521,291,002783.xml,train
002784.jpg,1,718,500,3,277,162,488,394,002784.xml,train
002785.jpg,1,718,500,3,158,158,394,399,002785.xml,test
002786.jpg,1,718,500,3,218,275,396,447,002786.xml,train
002787.jpg,1,439,368,3,154,132,222,225,002787.xml,train
002788.jpg,1,466,349,3,252,40,356,149,002788.xml,test
002789.jpg,1,818,628,3,256,97,415,192,002789.xml,train
002790.jpg,1,818,628,3,317,82,422,179,002790.xml,train
002791.jpg,0,718,500,3,79,105,542,360,002791.xml,test
002792.jpg,0,718,500,3,186,147,238,183,002792.xml,train
002793.jpg,1,718,500,3,288,108,583,299,002793.xml,train
002794.jpg,1,718,500,3,315,159,426,274,002794.xml,test
002795.jpg,1,718,500,3,332,159,432,269,002795.xml,train
002796.jpg,1,718,500,3,123,135,194,224,002796.xml,train
002797.jpg,1,718,500,3,182,161,294,289,002797.xml,train
002798.jpg,1,718,500,3,313,146,427,214,002798.xml,train
002799.jpg,1,718,500,3,239,158,343,233,002799.xml,test
002800.jpg,1,718,500,3,174,164,298,237,002800.xml,train
002801.jpg,1,718,500,3,245,103,427,301,002801.xml,train
002802.jpg,1,718,500,3,279,135,430,283,002802.xml,train
002803.jpg,1,718,500,3,326,103,475,308,002803.xml,train
002804.jpg,1,718,500,3,229,121,398,269,002804.xml,train
002805.jpg,1,718,500,3,282,92,432,289,002805.xml,train
002806.jpg,1,818,628,3,330,186,501,379,002806.xml,train
002807.jpg,1,818,628,3,284,180,463,364,002807.xml,test
002808.jpg,1,818,628,3,306,171,517,361,002808.xml,train
002809.jpg,1,818,628,3,317,181,499,342,002809.xml,train
002810.jpg,1,718,500,3,314,230,493,333,002810.xml,train
002811.jpg,1,718,500,3,199,192,395,321,002811.xml,test
002812.jpg,1,718,500,3,285,250,497,404,002812.xml,train
002813.jpg,1,718,500,3,249,117,322,192,002813.xml,test
002814.jpg,1,718,500,3,454,106,547,182,002814.xml,train
002815.jpg,1,718,500,3,255,116,337,188,002815.xml,val
002816.jpg,1,718,500,3,159,99,356,206,002816.xml,val
002817.jpg,1,718,500,3,216,72,426,202,002817.xml,train
002818.jpg,1,718,500,3,167,98,362,214,002818.xml,train
002819.jpg,1,718,500,3,294,256,366,371,002819.xml,val
002820.jpg,1,718,500,3,262,100,489,256,002820.xml,train
002821.jpg,1,718,500,3,377,78,663,295,002821.xml,val
002822.jpg,1,718,500,3,213,53,479,276,002822.xml,val
002823.jpg,1,718,500,3,204,70,438,195,002823.xml,train
002824.jpg,1,718,500,3,196,115,345,251,002824.xml,train
002825.jpg,1,718,500,3,200,82,402,224,002825.xml,train
002826.jpg,1,439,368,3,219,117,299,206,002826.xml,train
002827.jpg,1,439,368,3,236,134,311,217,002827.xml,test
002828.jpg,1,718,500,3,262,151,458,328,002828.xml,train
002829.jpg,1,718,500,3,239,51,572,449,002829.xml,test
002830.jpg,1,818,628,3,228,145,410,301,002830.xml,test
002831.jpg,1,818,628,3,274,132,484,303,002831.xml,train
002832.jpg,1,718,500,3,112,150,187,218,002832.xml,test
002833.jpg,1,718,500,3,271,142,348,220,002833.xml,train
002834.jpg,1,718,500,3,361,184,437,273,002834.xml,train
002835.jpg,1,718,500,3,342,189,450,276,002835.xml,val
002836.jpg,1,718,500,3,362,161,477,268,002836.xml,test
002837.jpg,1,718,500,3,228,158,378,268,002837.xml,train
002838.jpg,1,718,500,3,343,90,553,220,002838.xml,test
002839.jpg,1,718,500,3,264,103,463,217,002839.xml,train
002840.jpg,1,718,500,3,228,94,536,277,002840.xml,train
002841.jpg,1,718,500,3,133,92,234,187,002841.xml,train
002842.jpg,1,718,500,3,262,90,544,400,002842.xml,val
002843.jpg,1,439,368,3,209,77,293,145,002843.xml,val
002844.jpg,1,439,368,3,182,66,290,139,002844.xml,train
002845.jpg,1,439,368,3,246,118,401,231,002845.xml,train
002846.jpg,1,718,500,3,307,127,420,198,002846.xml,train
002847.jpg,1,718,500,3,229,83,343,161,002847.xml,test
002848.jpg,1,718,500,3,339,103,458,203,002848.xml,train
002849.jpg,1,718,500,3,290,116,357,198,002849.xml,train
002850.jpg,1,718,500,3,495,127,577,197,002850.xml,train
002851.jpg,1,718,500,3,107,124,213,208,002851.xml,train
002852.jpg,1,718,500,3,325,200,460,290,002852.xml,train
002853.jpg,1,718,500,3,294,147,442,227,002853.xml,train
002854.jpg,0,718,500,3,421,215,473,251,002854.xml,val
002855.jpg,0,718,500,3,410,143,438,175,002855.xml,train
002856.jpg,0,718,500,3,234,152,392,264,002856.xml,train
002857.jpg,0,718,500,3,235,119,413,223,002857.xml,train
002858.jpg,0,718,500,3,148,110,551,408,002858.xml,test
002859.jpg,0,718,500,3,92,81,641,425,002859.xml,train
002860.jpg,0,718,500,3,98,79,633,424,002860.xml,train
002861.jpg,0,718,500,3,336,127,416,178,002861.xml,train
002862.jpg,0,718,500,3,337,202,405,254,002862.xml,train
002863.jpg,0,818,628,3,266,211,443,328,002863.xml,test
002864.jpg,0,718,500,3,383,123,470,172,002864.xml,train
002865.jpg,0,718,500,3,295,236,393,296,002865.xml,train
002866.jpg,0,718,500,3,223,250,263,278,002866.xml,train
002867.jpg,0,718,500,3,272,177,353,247,002867.xml,train
002868.jpg,0,818,628,3,250,200,445,345,002868.xml,val
002869.jpg,0,718,500,3,349,135,461,211,002869.xml,train
002870.jpg,0,718,500,3,202,172,255,218,002870.xml,train
002871.jpg,0,718,500,3,456,122,563,195,002871.xml,train
002872.jpg,0,718,500,3,460,119,579,220,002872.xml,train
002873.jpg,0,718,500,3,78,103,146,146,002873.xml,train
002874.jpg,0,718,500,3,518,219,562,264,002874.xml,train
002875.jpg,0,718,500,3,311,134,369,175,002875.xml,test
002876.jpg,0,718,500,3,283,123,315,158,002876.xml,train
002877.jpg,0,718,500,3,235,210,291,246,002877.xml,test
002878.jpg,0,718,500,3,242,135,292,180,002878.xml,test
002879.jpg,0,718,500,3,510,175,569,212,002879.xml,train
002880.jpg,0,718,500,3,426,168,466,206,002880.xml,train
002881.jpg,0,718,500,3,464,146,532,184,002881.xml,train
002882.jpg,0,718,500,3,352,254,394,298,002882.xml,test
002883.jpg,0,718,500,3,368,224,441,264,002883.xml,test
002884.jpg,0,718,500,3,338,283,389,343,002884.xml,train
002885.jpg,0,718,500,3,374,259,429,302,002885.xml,train
002886.jpg,0,718,500,3,529,177,576,223,002886.xml,train
002887.jpg,0,718,500,3,532,184,599,228,002887.xml,train
002888.jpg,0,718,500,3,267,176,331,230,002888.xml,train
002889.jpg,0,718,500,3,279,75,426,187,002889.xml,test
002890.jpg,0,718,500,3,459,224,530,276,002890.xml,train
002891.jpg,0,718,500,3,518,143,554,168,002891.xml,train
002892.jpg,0,718,500,3,194,94,342,199,002892.xml,train
002893.jpg,0,718,500,3,296,97,400,147,002893.xml,train
002894.jpg,0,718,500,3,216,223,271,263,002894.xml,train
002895.jpg,0,718,500,3,326,271,445,333,002895.xml,train
002896.jpg,0,718,500,3,354,117,530,294,002896.xml,train
002897.jpg,0,718,500,3,256,138,311,203,002897.xml,train
002898.jpg,0,718,500,3,315,35,458,139,002898.xml,train
002899.jpg,0,718,500,3,373,133,589,260,002899.xml,test
002900.jpg,0,718,500,3,272,114,341,152,002900.xml,train
002901.jpg,0,818,628,3,470,285,547,346,002901.xml,val
002902.jpg,0,718,500,3,235,113,288,147,002902.xml,train
002903.jpg,0,718,500,3,130,137,189,194,002903.xml,val
002904.jpg,0,718,500,3,305,264,477,369,002904.xml,train
002905.jpg,0,718,500,3,288,131,430,214,002905.xml,train
002906.jpg,0,718,500,3,281,151,541,266,002906.xml,train
002907.jpg,0,718,500,3,60,152,177,215,002907.xml,train
002908.jpg,0,718,500,3,249,156,304,199,002908.xml,train
002909.jpg,0,718,500,3,336,162,460,231,002909.xml,train
002910.jpg,0,718,500,3,245,99,389,187,002910.xml,train
002911.jpg,0,498,429,3,342,121,429,185,002911.xml,val
002912.jpg,0,718,500,3,204,143,303,206,002912.xml,test
002913.jpg,0,718,500,3,199,135,293,204,002913.xml,train
002914.jpg,0,718,500,3,288,271,382,332,002914.xml,train
002915.jpg,0,718,500,3,357,146,433,198,002915.xml,train
002916.jpg,0,718,500,3,321,144,425,206,002916.xml,test
002917.jpg,0,718,500,3,372,147,414,179,002917.xml,train
002918.jpg,0,718,500,3,369,131,417,184,002918.xml,test
002919.jpg,0,718,500,3,193,166,237,200,002919.xml,train
002920.jpg,0,718,500,3,128,164,171,204,002920.xml,train
002921.jpg,0,718,500,3,285,73,626,276,002921.xml,train
002922.jpg,0,498,429,3,149,163,194,200,002922.xml,train
002923.jpg,0,818,628,3,527,227,601,272,002923.xml,train
002924.jpg,0,718,500,3,315,206,357,232,002924.xml,train
002925.jpg,0,718,500,3,378,98,429,151,002925.xml,train
002926.jpg,0,818,628,3,330,177,404,220,002926.xml,train
002927.jpg,0,718,500,3,389,137,514,206,002927.xml,train
002928.jpg,0,818,628,3,248,186,282,213,002928.xml,test
002929.jpg,0,718,500,3,268,127,484,263,002929.xml,train
002930.jpg,0,718,500,3,497,170,650,284,002930.xml,train
002931.jpg,0,718,500,3,446,223,515,263,002931.xml,test
002932.jpg,0,718,500,3,486,349,551,408,002932.xml,val
002933.jpg,0,498,429,3,272,157,340,210,002933.xml,train
002934.jpg,0,718,500,3,485,176,546,226,002934.xml,train
002935.jpg,0,818,628,3,435,133,500,177,002935.xml,train
002936.jpg,0,718,500,3,455,111,546,176,002936.xml,test
002937.jpg,0,718,500,3,393,201,521,297,002937.xml,train
002938.jpg,0,718,500,3,268,73,437,182,002938.xml,train
002939.jpg,0,718,500,3,209,163,280,226,002939.xml,test
002940.jpg,0,718,500,3,281,143,336,211,002940.xml,train
002941.jpg,0,718,500,3,203,112,372,255,002941.xml,train
002942.jpg,0,718,500,3,350,142,471,222,002942.xml,train
002943.jpg,0,718,500,3,205,250,330,364,002943.xml,train
002944.jpg,0,718,500,3,237,109,296,135,002944.xml,train
002945.jpg,0,439,368,3,131,75,365,264,002945.xml,test
002946.jpg,0,718,500,3,153,97,199,143,002946.xml,train
002947.jpg,0,818,628,3,100,102,617,296,002947.xml,train
002948.jpg,0,818,628,3,408,201,496,279,002948.xml,train
002949.jpg,0,718,500,3,209,111,272,152,002949.xml,train
002950.jpg,0,439,368,3,118,64,388,226,002950.xml,train
002951.jpg,0,718,500,3,474,183,619,260,002951.xml,train
002952.jpg,0,718,500,3,246,178,317,280,002952.xml,train
002953.jpg,0,718,500,3,208,169,242,196,002953.xml,train
002954.jpg,0,498,429,3,218,153,270,187,002954.xml,train
002955.jpg,0,718,500,3,585,224,681,283,002955.xml,train
002956.jpg,0,718,500,3,280,158,311,188,002956.xml,test
002957.jpg,0,718,500,3,231,277,457,386,002957.xml,train
002958.jpg,0,718,500,3,279,210,353,278,002958.xml,train
002959.jpg,0,818,628,3,411,329,456,373,002959.xml,test
002960.jpg,0,718,500,3,303,139,437,235,002960.xml,train
002961.jpg,0,718,500,3,382,81,442,118,002961.xml,val
002962.jpg,0,718,500,3,346,228,430,287,002962.xml,train
002963.jpg,0,718,500,3,369,143,514,228,002963.xml,train
002964.jpg,0,718,500,3,408,156,441,183,002964.xml,test
002965.jpg,0,818,628,3,426,170,551,264,002965.xml,train
002966.jpg,0,718,500,3,398,126,422,155,002966.xml,test
002967.jpg,0,718,500,3,333,106,404,166,002967.xml,train
002968.jpg,0,718,500,3,377,97,460,151,002968.xml,train
002969.jpg,0,718,500,3,273,118,426,220,002969.xml,train
002970.jpg,0,718,500,3,165,107,248,148,002970.xml,val
002971.jpg,0,718,500,3,284,94,397,155,002971.xml,test
002972.jpg,0,718,500,3,383,153,454,211,002972.xml,train
002973.jpg,0,718,500,3,339,172,428,240,002973.xml,train
002974.jpg,0,718,500,3,241,190,295,233,002974.xml,train
002975.jpg,0,718,500,3,248,180,292,226,002975.xml,train
002976.jpg,0,718,500,3,143,94,416,329,002976.xml,train
002977.jpg,0,718,500,3,256,156,510,292,002977.xml,train
002978.jpg,0,718,500,3,197,90,428,211,002978.xml,val
002979.jpg,1,718,500,3,466,119,601,225,002979.xml,train
002980.jpg,1,718,500,3,416,131,541,214,002980.xml,train
002981.jpg,1,718,500,3,345,106,540,194,002981.xml,train
002982.jpg,1,718,500,3,394,163,483,249,002982.xml,train
002983.jpg,1,718,500,3,382,185,498,267,002983.xml,train
002984.jpg,1,718,500,3,373,154,487,253,002984.xml,train
002985.jpg,1,718,500,3,322,159,426,234,002985.xml,test
002986.jpg,1,718,500,3,424,185,535,269,002986.xml,val
002987.jpg,1,718,500,3,140,182,275,245,002987.xml,train
002988.jpg,1,718,500,3,337,85,386,155,002988.xml,train
002989.jpg,1,718,500,3,232,81,388,204,002989.xml,test
002990.jpg,1,718,500,3,198,69,423,281,002990.xml,train
002991.jpg,1,718,500,3,227,138,371,240,002991.xml,val
002992.jpg,1,718,500,3,231,140,362,240,002992.xml,train
002993.jpg,1,718,500,3,228,160,327,252,002993.xml,train
002994.jpg,1,718,500,3,277,149,449,264,002994.xml,train
002995.jpg,1,718,500,3,139,132,284,228,002995.xml,train
002996.jpg,1,718,500,3,204,97,282,164,002996.xml,test
002997.jpg,1,718,500,3,305,131,358,186,002997.xml,train
002998.jpg,1,718,500,3,289,107,501,236,002998.xml,train
002999.jpg,1,718,500,3,166,10,429,200,002999.xml,train
003000.jpg,1,718,500,3,226,21,469,195,003000.xml,train
003001.jpg,1,718,500,3,484,51,617,159,003001.xml,test
003002.jpg,1,718,500,3,185,24,433,187,003002.xml,train
003003.jpg,1,498,429,3,185,83,317,222,003003.xml,val
003004.jpg,1,818,628,3,291,192,346,251,003004.xml,test
003005.jpg,1,818,628,3,333,173,405,265,003005.xml,val
003006.jpg,1,818,628,3,319,201,398,283,003006.xml,test
003007.jpg,1,718,500,3,159,110,343,331,003007.xml,train
003008.jpg,1,718,500,3,249,206,297,269,003008.xml,train
003009.jpg,1,718,500,3,177,87,317,213,003009.xml,train
003010.jpg,0,718,500,3,142,149,220,214,003010.xml,test
003011.jpg,1,718,500,3,220,129,595,387,003011.xml,train
003012.jpg,1,718,500,3,219,134,575,395,003012.xml,train
003013.jpg,1,718,500,3,239,84,450,313,003013.xml,train
003014.jpg,1,718,500,3,242,79,585,345,003014.xml,train
003015.jpg,1,718,500,3,309,292,402,374,003015.xml,train
003016.jpg,1,718,500,3,282,210,394,283,003016.xml,train
003017.jpg,1,818,628,3,240,184,417,370,003017.xml,train
003018.jpg,1,718,500,3,443,145,527,237,003018.xml,train
003019.jpg,1,718,500,3,353,78,603,275,003019.xml,train
003020.jpg,1,718,500,3,321,74,536,237,003020.xml,test
003021.jpg,1,718,500,3,227,67,537,277,003021.xml,train
003022.jpg,1,718,500,3,229,148,498,362,003022.xml,val
003023.jpg,1,718,500,3,338,127,458,230,003023.xml,test
003024.jpg,1,718,500,3,116,87,547,371,003024.xml,train
003025.jpg,1,718,500,3,331,83,549,252,003025.xml,train
003026.jpg,1,718,500,3,321,99,509,287,003026.xml,test
003027.jpg,1,718,500,3,271,158,405,300,003027.xml,val
003028.jpg,1,718,500,3,295,186,456,295,003028.xml,train
003029.jpg,1,718,500,3,183,139,622,345,003029.xml,train
003030.jpg,0,718,500,3,302,157,353,206,003030.xml,train
003031.jpg,0,718,500,3,208,133,269,172,003031.xml,test
003032.jpg,1,718,500,3,212,126,294,218,003032.xml,train
003033.jpg,1,718,500,3,306,155,390,235,003033.xml,train
003034.jpg,1,718,500,3,169,170,279,313,003034.xml,val
003035.jpg,1,718,500,3,97,202,205,344,003035.xml,val
003036.jpg,1,818,628,3,347,198,595,383,003036.xml,test
003037.jpg,0,818,628,3,364,208,536,314,003037.xml,train
003038.jpg,1,718,500,3,324,102,541,297,003038.xml,train
003039.jpg,0,818,628,3,327,161,555,318,003039.xml,train
003040.jpg,0,718,500,3,247,115,553,321,003040.xml,test
003041.jpg,1,818,628,3,297,164,394,240,003041.xml,train
003042.jpg,1,818,628,3,316,153,405,234,003042.xml,train
003043.jpg,1,818,628,3,370,152,445,213,003043.xml,train
003044.jpg,1,718,500,3,196,122,281,171,003044.xml,train
003045.jpg,1,718,500,3,227,79,335,182,003045.xml,train
003046.jpg,1,718,500,3,268,76,427,236,003046.xml,train
003047.jpg,0,818,628,3,455,293,519,329,003047.xml,train
003048.jpg,0,718,500,3,329,75,430,138,003048.xml,test
003049.jpg,0,718,500,3,153,130,245,177,003049.xml,train
003050.jpg,1,718,500,3,212,166,313,280,003050.xml,train
003051.jpg,1,718,500,3,273,146,374,272,003051.xml,train
003052.jpg,1,718,500,3,291,144,392,279,003052.xml,train
003053.jpg,1,718,500,3,201,87,357,187,003053.xml,test
003054.jpg,1,718,500,3,275,73,430,199,003054.xml,test
003055.jpg,1,718,500,3,245,85,372,183,003055.xml,test
003056.jpg,1,718,500,3,281,95,452,240,003056.xml,train
003057.jpg,1,718,500,3,268,179,400,274,003057.xml,train
003058.jpg,1,718,500,3,136,152,239,236,003058.xml,train
003059.jpg,1,718,500,3,338,139,389,184,003059.xml,val
003060.jpg,1,718,500,3,139,115,346,270,003060.xml,train
003061.jpg,1,718,500,3,184,114,382,244,003061.xml,train
003062.jpg,1,718,500,3,92,86,599,397,003062.xml,train
003063.jpg,1,718,500,3,126,84,551,322,003063.xml,train
003064.jpg,1,718,500,3,280,127,527,266,003064.xml,train
003065.jpg,0,718,500,3,383,165,504,231,003065.xml,train
003066.jpg,1,718,500,3,119,21,518,247,003066.xml,train
003067.jpg,1,718,500,3,288,180,511,373,003067.xml,train
003068.jpg,1,718,500,3,136,114,264,188,003068.xml,train
003069.jpg,1,718,500,3,100,174,272,360,003069.xml,train
003070.jpg,1,718,500,3,229,24,470,236,003070.xml,train
003071.jpg,1,718,500,3,321,152,526,275,003071.xml,val
003072.jpg,1,718,500,3,372,159,484,279,003072.xml,train
003073.jpg,1,718,500,3,344,194,436,276,003073.xml,train
003074.jpg,1,718,500,3,374,184,436,255,003074.xml,val
003075.jpg,1,718,500,3,340,135,446,222,003075.xml,test
003076.jpg,1,718,500,3,173,183,445,372,003076.xml,train
003077.jpg,1,718,500,3,189,191,405,385,003077.xml,test
003078.jpg,1,718,500,3,242,231,444,459,003078.xml,train
003079.jpg,1,718,500,3,193,98,362,210,003079.xml,test
003080.jpg,1,718,500,3,345,105,498,206,003080.xml,test
003081.jpg,1,718,500,3,259,172,448,290,003081.xml,train
003082.jpg,1,718,500,3,177,172,213,228,003082.xml,val
003083.jpg,1,718,500,3,118,135,393,349,003083.xml,train
003084.jpg,1,718,500,3,396,66,500,143,003084.xml,train
003085.jpg,1,718,500,3,127,115,356,300,003085.xml,train
003086.jpg,0,718,500,3,117,139,206,187,003086.xml,val
003087.jpg,0,718,500,3,375,167,441,226,003087.xml,train
003088.jpg,1,718,500,3,252,127,522,291,003088.xml,train
003089.jpg,1,718,500,3,151,58,586,375,003089.xml,train
003090.jpg,1,439,368,3,289,81,371,135,003090.xml,test
003091.jpg,1,718,500,3,428,231,537,339,003091.xml,train
003092.jpg,1,718,500,3,332,219,409,340,003092.xml,test
003093.jpg,1,718,500,3,428,170,518,286,003093.xml,train
003094.jpg,1,718,500,3,260,170,354,302,003094.xml,train
003095.jpg,1,718,500,3,304,210,416,319,003095.xml,train
003096.jpg,1,718,500,3,297,208,469,360,003096.xml,train
003097.jpg,1,718,500,3,400,140,541,280,003097.xml,val
003098.jpg,1,718,500,3,320,147,456,283,003098.xml,train
003099.jpg,1,718,500,3,356,159,476,292,003099.xml,train
003100.jpg,1,718,500,3,211,188,538,396,003100.xml,train
003101.jpg,1,718,500,3,164,186,542,420,003101.xml,train
003102.jpg,1,718,500,3,312,278,377,351,003102.xml,train
003103.jpg,1,718,500,3,525,254,598,352,003103.xml,train
003104.jpg,1,718,500,3,396,254,465,351,003104.xml,train
003105.jpg,1,718,500,3,356,271,393,345,003105.xml,train
003106.jpg,1,718,500,3,228,202,288,264,003106.xml,test
003107.jpg,1,718,500,3,240,74,296,131,003107.xml,train
003108.jpg,1,718,500,3,148,127,317,269,003108.xml,train
003109.jpg,1,718,500,3,164,130,320,269,003109.xml,train
003110.jpg,1,718,500,3,280,95,426,230,003110.xml,train
003111.jpg,1,718,500,3,253,58,470,208,003111.xml,train
003112.jpg,1,718,500,3,239,106,448,274,003112.xml,train
003113.jpg,1,718,500,3,52,62,517,375,003113.xml,train
003114.jpg,1,718,500,3,152,63,561,353,003114.xml,train
003115.jpg,0,718,500,3,244,156,345,210,003115.xml,test
003116.jpg,1,718,500,3,402,95,488,172,003116.xml,test
003117.jpg,1,718,500,3,329,90,414,190,003117.xml,train
003118.jpg,1,718,500,3,369,152,492,275,003118.xml,train
003119.jpg,1,718,500,3,409,171,546,312,003119.xml,test
003120.jpg,1,718,500,3,381,172,474,304,003120.xml,train
003121.jpg,1,498,429,3,186,80,297,129,003121.xml,train
003122.jpg,1,498,429,3,179,73,294,145,003122.xml,test
003123.jpg,1,498,429,3,184,77,295,136,003123.xml,train
003124.jpg,1,498,429,3,182,76,283,136,003124.xml,train
003125.jpg,1,498,429,3,179,88,279,159,003125.xml,train
003126.jpg,1,818,628,3,290,340,468,489,003126.xml,train
003127.jpg,1,818,628,3,414,309,529,384,003127.xml,val
003128.jpg,1,818,628,3,409,269,529,366,003128.xml,train
003129.jpg,1,718,500,3,308,71,448,180,003129.xml,train
003130.jpg,1,718,500,3,287,63,425,175,003130.xml,train
003131.jpg,1,718,500,3,55,98,550,431,003131.xml,train
003132.jpg,1,718,500,3,135,102,566,432,003132.xml,train
003133.jpg,1,718,500,3,172,109,424,341,003133.xml,train
003134.jpg,1,718,500,3,469,142,586,254,003134.xml,test
003135.jpg,1,718,500,3,426,140,545,264,003135.xml,train
003136.jpg,1,718,500,3,300,168,406,299,003136.xml,train
003137.jpg,1,718,500,3,139,138,418,455,003137.xml,val
003138.jpg,1,818,628,3,270,281,490,488,003138.xml,test
003139.jpg,0,718,500,3,251,136,343,193,003139.xml,test
003140.jpg,0,718,500,3,217,163,299,214,003140.xml,train
003141.jpg,1,718,500,3,373,230,471,316,003141.xml,train
003142.jpg,1,718,500,3,296,179,441,294,003142.xml,train
003143.jpg,1,718,500,3,351,135,540,323,003143.xml,train
003144.jpg,1,718,500,3,345,146,529,329,003144.xml,train
003145.jpg,1,718,500,3,349,155,510,298,003145.xml,train
003146.jpg,1,718,500,3,326,57,551,230,003146.xml,train
003147.jpg,1,718,500,3,259,86,418,194,003147.xml,train
003148.jpg,1,718,500,3,372,166,534,284,003148.xml,train
003149.jpg,1,718,500,3,220,81,412,272,003149.xml,train
003150.jpg,1,718,500,3,288,79,486,236,003150.xml,train
003151.jpg,1,718,500,3,223,86,437,254,003151.xml,train
003152.jpg,1,718,500,3,288,78,547,240,003152.xml,train
003153.jpg,1,718,500,3,319,55,485,247,003153.xml,train
003154.jpg,1,718,500,3,324,57,506,234,003154.xml,test
003155.jpg,1,718,500,3,329,43,545,212,003155.xml,train
003156.jpg,1,718,500,3,75,101,219,235,003156.xml,train
003157.jpg,1,718,500,3,255,59,437,218,003157.xml,train
003158.jpg,1,718,500,3,264,63,422,227,003158.xml,train
003159.jpg,1,718,500,3,208,57,406,222,003159.xml,train
003160.jpg,1,718,500,3,316,155,389,247,003160.xml,val
003161.jpg,1,718,500,3,272,164,329,253,003161.xml,train
003162.jpg,1,718,500,3,285,139,400,231,003162.xml,train
003163.jpg,1,718,500,3,273,131,409,224,003163.xml,train
003164.jpg,1,718,500,3,382,140,494,227,003164.xml,train
003165.jpg,1,718,500,3,131,110,224,237,003165.xml,test
003166.jpg,1,718,500,3,369,220,502,331,003166.xml,train
003167.jpg,1,718,500,3,313,142,473,301,003167.xml,train
003168.jpg,1,718,500,3,292,159,426,301,003168.xml,train
003169.jpg,1,718,500,3,307,114,454,235,003169.xml,test
003170.jpg,1,718,500,3,346,86,530,232,003170.xml,train
003171.jpg,1,718,500,3,217,172,316,285,003171.xml,test
003172.jpg,1,718,500,3,366,93,438,188,003172.xml,test
003173.jpg,1,718,500,3,362,101,433,178,003173.xml,train
003174.jpg,1,718,500,3,437,146,532,261,003174.xml,train
003175.jpg,1,718,500,3,384,165,468,264,003175.xml,test
003176.jpg,1,718,500,3,188,94,412,294,003176.xml,train
003177.jpg,1,718,500,3,231,114,338,231,003177.xml,train
003178.jpg,1,718,500,3,126,138,224,256,003178.xml,train
003179.jpg,1,718,500,3,365,92,447,173,003179.xml,train
003180.jpg,1,818,628,3,195,135,462,363,003180.xml,train
003181.jpg,1,718,500,3,233,127,348,262,003181.xml,train
003182.jpg,1,718,500,3,232,130,389,284,003182.xml,train
003183.jpg,1,718,500,3,183,129,336,280,003183.xml,train
003184.jpg,1,718,500,3,368,142,496,276,003184.xml,train
003185.jpg,1,718,500,3,243,66,406,200,003185.xml,train
003186.jpg,1,718,500,3,209,154,374,345,003186.xml,train
003187.jpg,1,818,628,3,301,149,415,282,003187.xml,test
003188.jpg,1,718,500,3,441,113,553,214,003188.xml,train
003189.jpg,1,718,500,3,189,179,326,284,003189.xml,train
003190.jpg,1,718,500,3,192,180,336,284,003190.xml,val
003191.jpg,1,818,628,3,357,169,456,281,003191.xml,val
003192.jpg,1,718,500,3,269,113,492,324,003192.xml,test
003193.jpg,1,718,500,3,360,91,575,270,003193.xml,train
003194.jpg,1,718,500,3,313,151,400,195,003194.xml,train
003195.jpg,1,718,500,3,361,138,470,191,003195.xml,train
003196.jpg,1,718,500,3,136,114,332,319,003196.xml,train
003197.jpg,1,718,500,3,44,163,139,218,003197.xml,train
003198.jpg,1,718,500,3,293,164,416,283,003198.xml,train
003199.jpg,1,718,500,3,372,160,450,227,003199.xml,train
003200.jpg,1,718,500,3,268,84,427,214,003200.xml,test
003201.jpg,1,718,500,3,245,125,345,209,003201.xml,train
003202.jpg,1,718,500,3,280,121,555,335,003202.xml,train
003203.jpg,1,718,500,3,168,85,486,303,003203.xml,train
003204.jpg,1,718,500,3,225,135,400,314,003204.xml,test
003205.jpg,1,718,500,3,348,123,607,298,003205.xml,test
003206.jpg,1,718,500,3,342,117,556,305,003206.xml,train
003207.jpg,1,718,500,3,247,130,489,282,003207.xml,train
003208.jpg,1,718,500,3,347,143,565,285,003208.xml,train
003209.jpg,1,718,500,3,237,101,449,306,003209.xml,train
003210.jpg,1,718,500,3,176,139,397,294,003210.xml,train
003211.jpg,1,718,500,3,259,140,461,310,003211.xml,train
003212.jpg,1,718,500,3,225,246,304,332,003212.xml,train
003213.jpg,1,718,500,3,256,277,389,375,003213.xml,train
003214.jpg,1,718,500,3,332,244,422,345,003214.xml,train
003215.jpg,1,498,429,3,217,179,308,261,003215.xml,train
003216.jpg,1,498,429,3,184,193,266,259,003216.xml,train
003217.jpg,1,818,628,3,313,239,375,311,003217.xml,train
003218.jpg,1,818,628,3,321,117,520,258,003218.xml,train
003219.jpg,1,718,500,3,392,93,536,176,003219.xml,test
003220.jpg,1,718,500,3,330,95,494,202,003220.xml,train
003221.jpg,1,718,500,3,183,65,460,230,003221.xml,train
003222.jpg,1,718,500,3,156,93,229,160,003222.xml,val
003223.jpg,1,718,500,3,227,71,625,266,003223.xml,train
003224.jpg,1,718,500,3,161,69,442,278,003224.xml,train
003225.jpg,1,718,500,3,50,55,430,255,003225.xml,train
003226.jpg,1,718,500,3,204,106,517,379,003226.xml,train
003227.jpg,1,718,500,3,279,118,553,377,003227.xml,train
003228.jpg,1,718,500,3,346,122,518,264,003228.xml,train
003229.jpg,1,718,500,3,251,113,409,276,003229.xml,train
003230.jpg,1,718,500,3,426,82,674,303,003230.xml,train
003231.jpg,1,818,628,3,399,91,530,248,003231.xml,test
003232.jpg,1,718,500,3,482,113,570,175,003232.xml,val
003233.jpg,1,718,500,3,365,115,438,196,003233.xml,train
003234.jpg,1,718,500,3,280,107,361,186,003234.xml,train
003235.jpg,1,718,500,3,224,55,530,247,003235.xml,test
003236.jpg,1,718,500,3,192,57,511,240,003236.xml,train
003237.jpg,1,718,500,3,103,43,434,253,003237.xml,val
003238.jpg,1,718,500,3,255,38,485,268,003238.xml,test
003239.jpg,1,718,500,3,189,43,425,260,003239.xml,val
003240.jpg,1,718,500,3,253,45,482,271,003240.xml,val
003241.jpg,1,718,500,3,209,37,450,240,003241.xml,train
003242.jpg,1,718,500,3,241,163,388,300,003242.xml,train
003243.jpg,1,718,500,3,227,151,388,311,003243.xml,train
003244.jpg,1,718,500,3,273,163,405,299,003244.xml,train
003245.jpg,1,718,500,3,301,150,426,303,003245.xml,train
003246.jpg,1,718,500,3,329,170,432,294,003246.xml,test
003247.jpg,1,718,500,3,319,191,406,298,003247.xml,train
003248.jpg,1,718,500,3,183,91,301,242,003248.xml,train
003249.jpg,1,718,500,3,276,137,336,203,003249.xml,test
003250.jpg,1,718,500,3,165,126,264,208,003250.xml,train
003251.jpg,1,718,500,3,108,113,235,207,003251.xml,val
003252.jpg,1,718,500,3,192,115,304,203,003252.xml,test
003253.jpg,1,718,500,3,177,118,292,198,003253.xml,train
003254.jpg,1,718,500,3,269,123,412,242,003254.xml,test
003255.jpg,1,718,500,3,269,121,396,207,003255.xml,train
003256.jpg,1,718,500,3,326,129,489,250,003256.xml,test
003257.jpg,1,718,500,3,338,127,523,251,003257.xml,test
003258.jpg,1,718,500,3,353,134,522,251,003258.xml,train
003259.jpg,1,718,500,3,313,152,469,274,003259.xml,train
003260.jpg,1,718,500,3,292,126,454,252,003260.xml,train
003261.jpg,1,718,500,3,410,125,491,206,003261.xml,test
003262.jpg,1,718,500,3,464,128,542,230,003262.xml,train
003263.jpg,1,818,628,3,371,129,432,228,003263.xml,test
003264.jpg,1,718,500,3,330,97,468,210,003264.xml,train
003265.jpg,1,718,500,3,135,154,352,331,003265.xml,train
003266.jpg,1,718,500,3,247,118,414,258,003266.xml,train
003267.jpg,1,718,500,3,243,93,393,238,003267.xml,val
003268.jpg,1,818,628,3,285,204,428,289,003268.xml,train
003269.jpg,1,718,500,3,348,223,448,345,003269.xml,train
003270.jpg,1,718,500,3,373,228,498,355,003270.xml,train
003271.jpg,1,718,500,3,316,133,417,227,003271.xml,train
003272.jpg,1,718,500,3,420,126,521,228,003272.xml,train
003273.jpg,1,718,500,3,291,135,497,324,003273.xml,test
003274.jpg,1,718,500,3,301,131,502,323,003274.xml,train
003275.jpg,1,718,500,3,170,132,461,311,003275.xml,train
003276.jpg,1,718,500,3,268,88,480,237,003276.xml,val
003277.jpg,1,718,500,3,485,159,629,319,003277.xml,train
003278.jpg,1,718,500,3,229,139,360,265,003278.xml,val
003279.jpg,1,718,500,3,408,102,493,171,003279.xml,val
003280.jpg,1,818,628,3,284,234,429,336,003280.xml,train
003281.jpg,1,718,500,3,275,61,393,140,003281.xml,train
003282.jpg,1,718,500,3,196,91,297,178,003282.xml,train
003283.jpg,1,718,500,3,515,186,622,274,003283.xml,train
003284.jpg,1,718,500,3,373,113,480,230,003284.xml,test
003285.jpg,1,718,500,3,252,70,338,160,003285.xml,train
003286.jpg,1,718,500,3,357,163,484,314,003286.xml,train
003287.jpg,1,718,500,3,287,143,386,276,003287.xml,val
003288.jpg,1,718,500,3,239,152,313,232,003288.xml,val
003289.jpg,1,718,500,3,297,156,358,223,003289.xml,train
003290.jpg,1,718,500,3,296,148,364,214,003290.xml,train
003291.jpg,1,718,500,3,342,143,446,265,003291.xml,train
003292.jpg,1,718,500,3,212,231,300,312,003292.xml,train
003293.jpg,1,718,500,3,378,194,482,311,003293.xml,train
003294.jpg,1,718,500,3,224,184,307,294,003294.xml,train
003295.jpg,1,718,500,3,151,186,275,282,003295.xml,train
003296.jpg,1,498,429,3,213,102,288,160,003296.xml,train
003297.jpg,1,498,429,3,233,102,304,154,003297.xml,train
003298.jpg,1,498,429,3,200,108,273,170,003298.xml,train
003299.jpg,1,498,429,3,99,105,167,166,003299.xml,train
003300.jpg,1,718,500,3,319,39,562,179,003300.xml,train
003301.jpg,1,718,500,3,76,114,353,278,003301.xml,train
003302.jpg,1,718,500,3,409,129,541,216,003302.xml,test
003303.jpg,1,718,500,3,243,126,478,295,003303.xml,train
003304.jpg,1,718,500,3,108,186,205,276,003304.xml,train
003305.jpg,1,718,500,3,541,130,688,234,003305.xml,train
003306.jpg,1,718,500,3,263,126,393,215,003306.xml,train
003307.jpg,1,718,500,3,217,214,336,329,003307.xml,train
003308.jpg,1,718,500,3,340,83,527,212,003308.xml,train
003309.jpg,1,718,500,3,313,88,517,220,003309.xml,train
003310.jpg,1,718,500,3,189,46,472,371,003310.xml,train
003311.jpg,1,718,500,3,82,67,450,357,003311.xml,train
003312.jpg,1,718,500,3,297,89,574,239,003312.xml,test
003313.jpg,1,718,500,3,67,59,288,320,003313.xml,test
003314.jpg,1,718,500,3,432,106,554,183,003314.xml,val
003315.jpg,1,718,500,3,330,179,381,246,003315.xml,train
003316.jpg,1,718,500,3,267,68,496,270,003316.xml,train
003317.jpg,1,718,500,3,422,258,521,373,003317.xml,val
003318.jpg,1,718,500,3,354,236,457,351,003318.xml,train
003319.jpg,1,718,500,3,149,107,361,216,003319.xml,val
003320.jpg,1,718,500,3,171,179,425,361,003320.xml,train
003321.jpg,1,718,500,3,157,168,409,388,003321.xml,train
003322.jpg,1,718,500,3,184,91,409,228,003322.xml,train
003323.jpg,1,718,500,3,255,150,410,288,003323.xml,test
003324.jpg,1,718,500,3,356,146,498,272,003324.xml,train
003325.jpg,1,718,500,3,384,143,526,267,003325.xml,train
003326.jpg,1,718,500,3,276,148,429,280,003326.xml,test
003327.jpg,1,718,500,3,368,140,500,272,003327.xml,val
003328.jpg,1,718,500,3,239,62,535,276,003328.xml,val
003329.jpg,1,718,500,3,95,57,327,219,003329.xml,test
003330.jpg,1,718,500,3,473,78,563,164,003330.xml,val
003331.jpg,1,718,500,3,135,79,679,395,003331.xml,train
003332.jpg,1,718,500,3,373,150,467,287,003332.xml,train
003333.jpg,1,718,500,3,269,149,403,268,003333.xml,train
003334.jpg,1,818,628,3,253,207,358,330,003334.xml,train
003335.jpg,1,498,429,3,168,153,278,245,003335.xml,train
003336.jpg,1,498,429,3,183,141,282,223,003336.xml,train
003337.jpg,1,498,429,3,230,147,310,251,003337.xml,train
003338.jpg,1,498,429,3,171,149,271,232,003338.xml,test
003339.jpg,1,498,429,3,158,159,266,251,003339.xml,train
003340.jpg,1,718,500,3,143,148,229,214,003340.xml,train
003341.jpg,1,718,500,3,159,142,253,214,003341.xml,train
003342.jpg,1,718,500,3,397,171,517,258,003342.xml,train
003343.jpg,1,718,500,3,336,167,436,274,003343.xml,val
003344.jpg,1,718,500,3,498,107,622,188,003344.xml,train
003345.jpg,1,718,500,3,433,79,519,196,003345.xml,train
003346.jpg,1,718,500,3,345,54,432,152,003346.xml,train
003347.jpg,1,718,500,3,334,57,425,142,003347.xml,train
003348.jpg,1,718,500,3,307,67,400,174,003348.xml,test
003349.jpg,1,718,500,3,414,97,497,203,003349.xml,val
003350.jpg,1,818,628,3,236,136,435,287,003350.xml,train
003351.jpg,1,718,500,3,284,156,358,230,003351.xml,val
003352.jpg,1,718,500,3,248,159,333,226,003352.xml,train
003353.jpg,1,718,500,3,321,159,429,270,003353.xml,train
003354.jpg,1,718,500,3,224,142,326,239,003354.xml,train
003355.jpg,1,718,500,3,231,142,320,236,003355.xml,test
003356.jpg,1,718,500,3,181,126,259,210,003356.xml,test
003357.jpg,1,718,500,3,229,137,308,213,003357.xml,train
003358.jpg,1,718,500,3,152,159,257,243,003358.xml,test
003359.jpg,1,718,500,3,422,98,494,195,003359.xml,test
003360.jpg,1,718,500,3,228,73,320,176,003360.xml,test
003361.jpg,1,718,500,3,358,127,428,230,003361.xml,train
003362.jpg,1,718,500,3,321,190,416,292,003362.xml,val
003363.jpg,1,718,500,3,297,175,365,256,003363.xml,train
003364.jpg,1,718,500,3,309,86,458,211,003364.xml,val
003365.jpg,1,718,500,3,320,62,450,190,003365.xml,train
003366.jpg,1,718,500,3,177,101,440,339,003366.xml,train
003367.jpg,1,718,500,3,205,114,438,365,003367.xml,train
003368.jpg,1,718,500,3,300,150,383,274,003368.xml,train
003369.jpg,1,718,500,3,338,146,446,251,003369.xml,test
003370.jpg,1,718,500,3,342,163,436,260,003370.xml,train
003371.jpg,1,718,500,3,272,122,457,243,003371.xml,train
003372.jpg,1,718,500,3,269,113,440,226,003372.xml,train
003373.jpg,1,718,500,3,288,80,438,213,003373.xml,train
003374.jpg,1,718,500,3,301,66,551,248,003374.xml,train
003375.jpg,1,718,500,3,284,71,482,226,003375.xml,train
003376.jpg,1,718,500,3,253,65,481,250,003376.xml,train
003377.jpg,1,718,500,3,320,130,525,280,003377.xml,val
003378.jpg,1,718,500,3,103,66,619,361,003378.xml,val
003379.jpg,1,718,500,3,111,78,645,382,003379.xml,train
003380.jpg,1,718,500,3,169,155,496,356,003380.xml,train
003381.jpg,1,718,500,3,112,147,443,349,003381.xml,train
003382.jpg,1,718,500,3,28,142,344,312,003382.xml,train
003383.jpg,1,718,500,3,321,258,562,381,003383.xml,test
003384.jpg,1,718,500,3,88,148,410,349,003384.xml,train
003385.jpg,1,818,628,3,309,73,667,431,003385.xml,train
003386.jpg,1,498,429,3,176,130,236,200,003386.xml,test
003387.jpg,1,718,500,3,180,74,558,286,003387.xml,train
003388.jpg,1,718,500,3,75,21,594,335,003388.xml,train
003389.jpg,1,718,500,3,135,30,570,360,003389.xml,train
003390.jpg,1,718,500,3,449,134,531,214,003390.xml,train
003391.jpg,1,718,500,3,229,150,329,252,003391.xml,train
003392.jpg,1,718,500,3,328,118,598,227,003392.xml,test
003393.jpg,1,718,500,3,382,111,591,230,003393.xml,val
003394.jpg,1,718,500,3,364,142,429,196,003394.xml,train
003395.jpg,1,718,500,3,184,214,288,321,003395.xml,train
003396.jpg,1,718,500,3,228,73,433,223,003396.xml,train
003397.jpg,1,718,500,3,228,109,507,282,003397.xml,test
003398.jpg,1,718,500,3,300,131,468,306,003398.xml,train
003399.jpg,1,718,500,3,361,122,502,295,003399.xml,train
003400.jpg,1,718,500,3,163,127,417,287,003400.xml,train
003401.jpg,1,718,500,3,333,130,400,203,003401.xml,test
003402.jpg,1,718,500,3,361,114,530,256,003402.xml,train
003403.jpg,1,718,500,3,384,131,473,274,003403.xml,val
003404.jpg,1,718,500,3,434,290,502,389,003404.xml,train
003405.jpg,1,718,500,3,163,87,304,191,003405.xml,val
003406.jpg,1,718,500,3,291,106,492,250,003406.xml,train
003407.jpg,1,718,500,3,275,101,470,247,003407.xml,train
003408.jpg,1,718,500,3,237,101,364,187,003408.xml,train
003409.jpg,1,718,500,3,143,41,288,160,003409.xml,train
003410.jpg,1,718,500,3,289,96,396,184,003410.xml,test
003411.jpg,1,718,500,3,317,110,603,383,003411.xml,train
003412.jpg,1,718,500,3,170,98,561,367,003412.xml,train
003413.jpg,1,818,628,3,455,228,537,319,003413.xml,train
003414.jpg,1,718,500,3,279,182,362,264,003414.xml,train
003415.jpg,1,718,500,3,352,122,433,220,003415.xml,train
003416.jpg,1,718,500,3,251,95,342,179,003416.xml,train
003417.jpg,1,818,628,3,256,133,474,355,003417.xml,train
003418.jpg,1,818,628,3,263,110,479,335,003418.xml,train
003419.jpg,1,818,628,3,262,85,534,298,003419.xml,train
003420.jpg,1,818,628,3,267,78,460,308,003420.xml,train
003421.jpg,1,818,628,3,306,187,512,364,003421.xml,train
003422.jpg,1,718,500,3,152,109,267,220,003422.xml,train
003423.jpg,1,718,500,3,308,166,457,304,003423.xml,train
003424.jpg,1,718,500,3,257,196,476,429,003424.xml,train
003425.jpg,1,718,500,3,70,85,291,267,003425.xml,test
003426.jpg,1,718,500,3,195,67,425,280,003426.xml,test
003427.jpg,1,718,500,3,311,127,442,220,003427.xml,train
003428.jpg,0,718,500,3,365,219,422,283,003428.xml,train
003429.jpg,0,718,500,3,323,156,465,239,003429.xml,train
003430.jpg,0,718,500,3,289,168,366,210,003430.xml,train
003431.jpg,0,718,500,3,378,271,535,329,003431.xml,train
003432.jpg,0,718,500,3,436,158,496,208,003432.xml,train
003433.jpg,0,718,500,3,364,175,426,227,003433.xml,train
003434.jpg,0,498,429,3,184,182,208,214,003434.xml,train
003435.jpg,0,718,500,3,264,58,409,126,003435.xml,train
003436.jpg,0,718,500,3,337,174,460,274,003436.xml,train
003437.jpg,1,718,500,3,353,223,433,314,003437.xml,val
003438.jpg,0,718,500,3,196,227,240,307,003438.xml,train
003439.jpg,0,718,500,3,192,215,260,302,003439.xml,train
003440.jpg,0,718,500,3,304,203,361,280,003440.xml,train
003441.jpg,0,718,500,3,405,152,474,197,003441.xml,train
003442.jpg,0,718,500,3,511,144,558,183,003442.xml,train
003443.jpg,0,718,500,3,330,192,369,235,003443.xml,test
003444.jpg,0,718,500,3,177,130,320,242,003444.xml,train
003445.jpg,0,718,500,3,523,164,593,215,003445.xml,test
003446.jpg,0,718,500,3,385,98,440,138,003446.xml,train
003447.jpg,0,718,500,3,265,91,559,393,003447.xml,train
003448.jpg,0,718,500,3,284,133,389,194,003448.xml,train
003449.jpg,0,718,500,3,229,131,300,180,003449.xml,train
003450.jpg,0,718,500,3,260,122,362,176,003450.xml,train
003451.jpg,0,718,500,3,350,87,425,137,003451.xml,train
003452.jpg,0,718,500,3,323,148,518,290,003452.xml,train
003453.jpg,0,718,500,3,422,85,549,174,003453.xml,train
003454.jpg,0,718,500,3,288,34,505,162,003454.xml,train
003455.jpg,0,718,500,3,245,38,432,162,003455.xml,train
003456.jpg,0,718,500,3,99,139,279,267,003456.xml,test
003457.jpg,0,718,500,3,287,130,426,248,003457.xml,train
003458.jpg,0,718,500,3,309,146,361,178,003458.xml,train
003459.jpg,0,718,500,3,252,163,312,219,003459.xml,train
003460.jpg,0,718,500,3,295,152,398,234,003460.xml,train
003461.jpg,0,718,500,3,341,106,541,227,003461.xml,train
003462.jpg,0,718,500,3,385,74,505,140,003462.xml,train
003463.jpg,0,718,500,3,381,97,473,156,003463.xml,train
003464.jpg,0,718,500,3,291,114,412,200,003464.xml,train
003465.jpg,0,718,500,3,284,206,469,310,003465.xml,train
003466.jpg,0,718,500,3,393,97,566,234,003466.xml,train
003467.jpg,0,718,500,3,324,119,356,160,003467.xml,train
003468.jpg,0,498,429,3,155,151,227,202,003468.xml,val
003469.jpg,0,718,500,3,384,127,441,163,003469.xml,test
003470.jpg,0,718,500,3,180,94,223,125,003470.xml,train
003471.jpg,0,718,500,3,357,210,433,279,003471.xml,test
003472.jpg,0,718,500,3,394,139,484,208,003472.xml,val
003473.jpg,0,718,500,3,392,133,474,210,003473.xml,train
003474.jpg,0,718,500,3,271,127,370,207,003474.xml,test
003475.jpg,0,718,500,3,337,160,397,207,003475.xml,test
003476.jpg,0,718,500,3,360,119,454,195,003476.xml,val
003477.jpg,0,718,500,3,255,79,635,428,003477.xml,test
003478.jpg,0,718,500,3,312,125,488,243,003478.xml,train
003479.jpg,0,718,500,3,253,232,328,291,003479.xml,train
003480.jpg,0,718,500,3,400,155,430,188,003480.xml,train
003481.jpg,0,919,646,3,406,173,548,243,003481.xml,train
003482.jpg,0,718,500,3,295,120,426,191,003482.xml,train
003483.jpg,0,718,500,3,441,156,553,247,003483.xml,train
003484.jpg,0,718,500,3,293,164,341,192,003484.xml,train
003485.jpg,0,718,500,3,378,191,453,239,003485.xml,test
003486.jpg,0,718,500,3,149,129,203,186,003486.xml,train
003487.jpg,0,718,500,3,477,167,566,222,003487.xml,train
003488.jpg,0,718,500,3,277,123,380,175,003488.xml,val
003489.jpg,0,718,500,3,344,87,382,134,003489.xml,test
003490.jpg,0,718,500,3,339,146,398,204,003490.xml,train
003491.jpg,0,718,500,3,216,214,276,296,003491.xml,train
003492.jpg,0,718,500,3,244,67,348,122,003492.xml,train
003493.jpg,0,718,500,3,304,106,394,204,003493.xml,train
003494.jpg,0,718,500,3,267,109,384,192,003494.xml,train
003495.jpg,0,718,500,3,514,158,571,200,003495.xml,train
003496.jpg,0,718,500,3,365,194,430,243,003496.xml,train
003497.jpg,0,718,500,3,408,144,474,223,003497.xml,train
003498.jpg,0,718,500,3,442,131,529,199,003498.xml,train
003499.jpg,0,718,500,3,281,101,345,140,003499.xml,train
003500.jpg,0,818,628,3,428,196,601,309,003500.xml,train
003501.jpg,0,718,500,3,372,162,406,195,003501.xml,train
003502.jpg,0,718,500,3,233,125,531,302,003502.xml,train
003503.jpg,0,718,500,3,201,73,574,212,003503.xml,train
003504.jpg,0,818,628,3,303,188,431,299,003504.xml,train
003505.jpg,0,818,628,3,327,234,411,302,003505.xml,test
003506.jpg,0,718,500,3,357,99,388,125,003506.xml,test
003507.jpg,0,718,500,3,240,142,317,204,003507.xml,train
003508.jpg,0,718,500,3,324,150,404,207,003508.xml,train
003509.jpg,0,718,500,3,293,186,330,228,003509.xml,val
003510.jpg,0,498,429,3,150,116,208,167,003510.xml,test
003511.jpg,0,718,500,3,365,187,496,279,003511.xml,train
003512.jpg,0,718,500,3,118,131,295,259,003512.xml,train
003513.jpg,0,718,500,3,410,119,533,192,003513.xml,train
003514.jpg,0,718,500,3,277,221,326,283,003514.xml,train
003515.jpg,0,718,500,3,223,247,291,292,003515.xml,train
003516.jpg,0,718,500,3,418,212,561,324,003516.xml,train
003517.jpg,0,718,500,3,366,202,507,319,003517.xml,train
003518.jpg,0,718,500,3,171,131,268,204,003518.xml,train
003519.jpg,0,718,500,3,300,156,384,208,003519.xml,train
003520.jpg,0,718,500,3,74,114,223,202,003520.xml,train
003521.jpg,0,718,500,3,352,166,489,252,003521.xml,train
003522.jpg,0,718,500,3,473,243,527,317,003522.xml,train
003523.jpg,0,718,500,3,461,151,717,307,003523.xml,train
003524.jpg,0,718,500,3,235,199,437,320,003524.xml,train
003525.jpg,0,718,500,3,268,188,468,328,003525.xml,train
003526.jpg,0,718,500,3,265,195,358,296,003526.xml,test
003527.jpg,0,718,500,3,442,106,566,175,003527.xml,test
003528.jpg,0,718,500,3,462,214,488,256,003528.xml,train
003529.jpg,0,718,500,3,167,109,252,160,003529.xml,train
003530.jpg,0,718,500,3,188,133,260,180,003530.xml,train
003531.jpg,0,718,500,3,308,155,361,194,003531.xml,val
003532.jpg,0,718,500,3,312,139,369,190,003532.xml,train
003533.jpg,0,718,500,3,122,172,205,218,003533.xml,train
003534.jpg,0,718,500,3,268,320,291,365,003534.xml,val
003535.jpg,0,718,500,3,268,163,308,206,003535.xml,train
003536.jpg,0,718,500,3,470,162,542,220,003536.xml,train
003537.jpg,0,718,500,3,372,160,433,203,003537.xml,train
003538.jpg,0,718,500,3,366,187,404,234,003538.xml,train
003539.jpg,0,718,500,3,539,267,581,307,003539.xml,val
003540.jpg,0,718,500,3,478,299,510,329,003540.xml,train
003541.jpg,0,818,628,3,216,224,341,305,003541.xml,test
003542.jpg,0,718,500,3,259,125,498,286,003542.xml,train
003543.jpg,0,718,500,3,316,122,627,314,003543.xml,train
003544.jpg,0,718,500,3,285,167,442,320,003544.xml,train
003545.jpg,0,718,500,3,220,62,538,203,003545.xml,test
003546.jpg,0,718,500,3,247,168,376,251,003546.xml,train
003547.jpg,0,718,500,3,188,146,372,282,003547.xml,test
003548.jpg,0,718,500,3,319,259,346,292,003548.xml,train
003549.jpg,0,718,500,3,517,146,551,172,003549.xml,train
003550.jpg,0,718,500,3,264,179,292,212,003550.xml,train
003551.jpg,0,718,500,3,217,299,255,328,003551.xml,train
003552.jpg,0,718,500,3,207,172,299,230,003552.xml,train
003553.jpg,0,718,500,3,215,87,356,170,003553.xml,train
003554.jpg,0,718,500,3,328,98,382,154,003554.xml,train
003555.jpg,0,718,500,3,203,159,233,194,003555.xml,train
003556.jpg,0,718,500,3,207,171,244,208,003556.xml,val
003557.jpg,0,718,500,3,259,180,337,235,003557.xml,train
003558.jpg,0,718,500,3,313,222,368,263,003558.xml,test
003559.jpg,0,718,500,3,366,63,405,90,003559.xml,test
003560.jpg,0,718,500,3,349,55,412,105,003560.xml,train
003561.jpg,0,718,500,3,368,183,410,212,003561.xml,train
003562.jpg,0,718,500,3,440,191,478,240,003562.xml,train
003563.jpg,0,718,500,3,241,134,265,168,003563.xml,train
003564.jpg,0,718,500,3,396,138,436,178,003564.xml,train
003565.jpg,0,718,500,3,441,126,496,175,003565.xml,train
003566.jpg,0,718,500,3,429,135,468,190,003566.xml,val
003567.jpg,0,718,500,3,43,43,432,272,003567.xml,train
003568.jpg,0,818,628,3,465,207,570,308,003568.xml,train
003569.jpg,0,818,628,3,399,270,466,325,003569.xml,train
003570.jpg,0,818,628,3,238,254,333,313,003570.xml,train
003571.jpg,0,718,500,3,456,131,535,182,003571.xml,train
003572.jpg,0,718,500,3,384,139,464,199,003572.xml,val
003573.jpg,0,718,500,3,215,284,263,367,003573.xml,test
003574.jpg,0,718,500,3,200,259,248,316,003574.xml,train
003575.jpg,0,718,500,3,237,270,303,336,003575.xml,test
003576.jpg,0,718,500,3,240,270,292,331,003576.xml,train
003577.jpg,0,718,500,3,207,280,241,332,003577.xml,train
003578.jpg,0,718,500,3,288,270,337,333,003578.xml,val
003579.jpg,1,718,500,3,280,61,462,176,003579.xml,train
003580.jpg,1,718,500,3,161,19,429,224,003580.xml,test
003581.jpg,1,718,500,3,251,17,477,220,003581.xml,train
003582.jpg,1,718,500,3,217,63,378,170,003582.xml,train
003583.jpg,1,718,500,3,268,75,506,238,003583.xml,train
003584.jpg,1,718,500,3,430,118,513,231,003584.xml,train
003585.jpg,1,718,500,3,438,93,544,227,003585.xml,train
003586.jpg,1,718,500,3,305,109,398,229,003586.xml,train
003587.jpg,1,718,500,3,100,110,216,202,003587.xml,train
003588.jpg,1,718,500,3,86,113,211,207,003588.xml,train
003589.jpg,1,718,500,3,381,101,500,243,003589.xml,train
003590.jpg,1,718,500,3,256,82,557,351,003590.xml,train
003591.jpg,1,718,500,3,192,117,514,315,003591.xml,train
003592.jpg,1,718,500,3,300,138,551,379,003592.xml,test
003593.jpg,1,718,500,3,349,288,462,387,003593.xml,train
003594.jpg,1,718,500,3,267,57,390,155,003594.xml,train
003595.jpg,1,718,500,3,364,67,485,190,003595.xml,train
003596.jpg,1,718,500,3,309,87,551,218,003596.xml,train
003597.jpg,1,718,500,3,312,83,570,214,003597.xml,test
003598.jpg,1,718,500,3,289,103,486,271,003598.xml,train
003599.jpg,1,718,500,3,292,105,478,266,003599.xml,train
003600.jpg,1,718,500,3,284,138,340,196,003600.xml,train
003601.jpg,1,718,500,3,239,224,305,307,003601.xml,val
003602.jpg,1,718,500,3,299,188,344,244,003602.xml,train
003603.jpg,1,718,500,3,229,166,410,367,003603.xml,train
003604.jpg,1,718,500,3,220,122,422,263,003604.xml,train
003605.jpg,1,718,500,3,304,160,502,364,003605.xml,train
003606.jpg,1,718,500,3,364,251,437,323,003606.xml,train
003607.jpg,1,718,500,3,252,81,481,226,003607.xml,train
003608.jpg,1,718,500,3,257,93,437,231,003608.xml,train
003609.jpg,1,718,500,3,156,142,369,307,003609.xml,train
003610.jpg,1,718,500,3,292,105,496,332,003610.xml,train
003611.jpg,1,718,500,3,227,95,413,333,003611.xml,val
003612.jpg,1,718,500,3,209,143,433,351,003612.xml,val
003613.jpg,1,498,429,3,219,168,292,239,003613.xml,train
003614.jpg,1,718,500,3,369,166,464,246,003614.xml,train
003615.jpg,1,718,500,3,257,170,345,250,003615.xml,train
003616.jpg,1,718,500,3,249,155,358,251,003616.xml,train
003617.jpg,1,718,500,3,221,156,244,210,003617.xml,test
003618.jpg,1,718,500,3,291,164,333,224,003618.xml,train
003619.jpg,1,718,500,3,239,182,481,356,003619.xml,train
003620.jpg,1,718,500,3,277,93,400,214,003620.xml,val
003621.jpg,1,718,500,3,301,83,438,170,003621.xml,test
003622.jpg,1,718,500,3,209,73,434,304,003622.xml,train
003623.jpg,1,718,500,3,245,50,502,321,003623.xml,train
003624.jpg,1,718,500,3,409,232,623,448,003624.xml,val
003625.jpg,1,718,500,3,384,206,526,318,003625.xml,train
003626.jpg,1,718,500,3,394,229,522,319,003626.xml,train
003627.jpg,1,718,500,3,416,157,485,214,003627.xml,train
003628.jpg,1,718,500,3,171,75,323,172,003628.xml,train
003629.jpg,1,718,500,3,287,78,389,163,003629.xml,test
003630.jpg,1,718,500,3,319,81,423,165,003630.xml,train
003631.jpg,1,718,500,3,361,125,502,251,003631.xml,train
003632.jpg,1,718,500,3,247,95,370,198,003632.xml,test
003633.jpg,1,718,500,3,200,97,340,196,003633.xml,train
003634.jpg,1,718,500,3,485,151,563,216,003634.xml,train
003635.jpg,1,718,500,3,413,251,492,367,003635.xml,test
003636.jpg,1,718,500,3,384,164,496,234,003636.xml,train
003637.jpg,1,718,500,3,330,227,426,325,003637.xml,train
003638.jpg,1,718,500,3,205,87,311,178,003638.xml,train
003639.jpg,1,718,500,3,237,87,319,171,003639.xml,train
003640.jpg,1,718,500,3,309,123,466,252,003640.xml,train
003641.jpg,1,718,500,3,424,85,534,198,003641.xml,train
003642.jpg,1,718,500,3,245,74,442,228,003642.xml,train
003643.jpg,1,718,500,3,276,83,469,276,003643.xml,test
003644.jpg,1,718,500,3,328,86,538,256,003644.xml,train
003645.jpg,1,718,500,3,338,194,476,306,003645.xml,train
003646.jpg,1,718,500,3,541,183,636,292,003646.xml,train
003647.jpg,1,718,500,3,465,150,645,270,003647.xml,test
003648.jpg,1,718,500,3,253,130,418,300,003648.xml,train
003649.jpg,1,718,500,3,291,94,550,271,003649.xml,test
003650.jpg,1,718,500,3,293,110,490,283,003650.xml,train
003651.jpg,1,718,500,3,263,115,619,379,003651.xml,train
003652.jpg,1,718,500,3,203,95,618,417,003652.xml,train
003653.jpg,1,718,500,3,86,93,488,377,003653.xml,train
003654.jpg,1,718,500,3,83,90,444,311,003654.xml,val
003655.jpg,1,718,500,3,196,83,390,295,003655.xml,val
003656.jpg,1,718,500,3,287,90,527,307,003656.xml,val
003657.jpg,1,718,500,3,26,117,215,331,003657.xml,test
003658.jpg,1,718,500,3,118,86,324,308,003658 (1).xml,test
003658.jpg,1,718,500,3,118,86,324,308,003658.xml,test
003659.jpg,1,718,500,3,135,125,251,231,003659.xml,train
003660.jpg,1,718,500,3,148,118,259,219,003660.xml,train
003661.jpg,1,718,500,3,311,151,424,242,003661.xml,train
003662.jpg,1,718,500,3,177,95,465,244,003662.xml,train
003663.jpg,1,718,500,3,244,100,525,255,003663.xml,test
003664.jpg,1,718,500,3,269,82,542,228,003664.xml,train
003665.jpg,1,718,500,3,296,156,397,258,003665.xml,train
003666.jpg,1,718,500,3,192,163,301,286,003666.xml,train
003667.jpg,1,718,500,3,272,110,408,228,003667.xml,train
003668.jpg,1,718,500,3,303,145,388,250,003668.xml,train
003669.jpg,1,718,500,3,421,147,530,242,003669.xml,train
003670.jpg,1,718,500,3,267,111,386,196,003670.xml,test
003671.jpg,1,718,500,3,297,146,388,266,003671.xml,train
003672.jpg,1,718,500,3,74,25,555,328,003672.xml,train
003673.jpg,1,718,500,3,290,25,563,275,003673.xml,train
003674.jpg,1,718,500,3,308,77,416,151,003674.xml,train
003675.jpg,1,718,500,3,405,99,521,179,003675.xml,train
003676.jpg,1,718,500,3,281,86,368,140,003676.xml,train
003677.jpg,1,718,500,3,313,94,477,183,003677.xml,test
003678.jpg,1,718,500,3,330,110,441,211,003678.xml,train
003679.jpg,1,718,500,3,329,133,454,223,003679.xml,train
003680.jpg,1,718,500,3,287,95,404,202,003680.xml,train
003681.jpg,1,718,500,3,160,83,301,200,003681.xml,val
003682.jpg,1,718,500,3,264,151,362,280,003682.xml,test
003683.jpg,1,718,500,3,232,116,353,226,003683.xml,test
003684.jpg,1,718,500,3,300,130,444,271,003684.xml,train
003685.jpg,1,718,500,3,398,159,513,282,003685.xml,train
003686.jpg,1,718,500,3,259,109,418,272,003686.xml,train
003687.jpg,1,718,500,3,156,85,344,256,003687.xml,train
003688.jpg,1,718,500,3,208,75,392,234,003688.xml,train
003689.jpg,1,718,500,3,239,70,417,238,003689.xml,train
003690.jpg,1,718,500,3,257,85,465,340,003690.xml,train
003691.jpg,1,718,500,3,386,139,462,210,003691.xml,train
003692.jpg,1,718,500,3,295,123,361,215,003692.xml,train
003693.jpg,1,718,500,3,204,111,309,200,003693.xml,train
003694.jpg,1,718,500,3,213,55,504,236,003694.xml,train
003695.jpg,1,718,500,3,252,66,490,192,003695.xml,train
003696.jpg,1,718,500,3,148,90,354,222,003696.xml,train
003697.jpg,1,718,500,3,197,95,448,246,003697.xml,train
003698.jpg,1,718,500,3,259,94,414,236,003698.xml,train
003699.jpg,1,718,500,3,324,76,480,210,003699.xml,train
003700.jpg,1,718,500,3,380,152,465,250,003700.xml,train
003701.jpg,1,718,500,3,448,134,533,212,003701.xml,test
003702.jpg,1,718,500,3,372,99,496,202,003702.xml,train
003703.jpg,1,718,500,3,441,171,523,250,003703.xml,val
003704.jpg,1,718,500,3,418,244,521,340,003704.xml,val
003705.jpg,1,718,500,3,308,223,394,311,003705.xml,train
003706.jpg,1,718,500,3,373,223,466,337,003706.xml,test
003707.jpg,1,718,500,3,287,151,458,329,003707.xml,val
003708.jpg,1,718,500,3,269,190,297,220,003708.xml,train
003709.jpg,1,718,500,3,223,175,268,224,003709.xml,train
003710.jpg,1,718,500,3,169,121,365,287,003710.xml,train
003711.jpg,1,718,500,3,398,136,558,246,003711.xml,train
003712.jpg,1,718,500,3,183,172,297,252,003712.xml,test
003713.jpg,1,718,500,3,295,167,421,267,003713.xml,train
003714.jpg,1,718,500,3,285,162,401,263,003714.xml,train
003715.jpg,1,718,500,3,249,167,373,263,003715.xml,train
003716.jpg,1,498,429,3,144,138,264,236,003716.xml,train
003717.jpg,1,718,500,3,316,171,437,341,003717.xml,test
003718.jpg,1,718,500,3,349,154,430,224,003718.xml,train
003719.jpg,1,718,500,3,366,215,494,369,003719.xml,train
003720.jpg,1,718,500,3,457,79,599,160,003720.xml,train
003721.jpg,1,718,500,3,173,79,385,232,003721.xml,train
003722.jpg,1,439,368,3,197,61,294,155,003722.xml,train
003723.jpg,1,439,368,3,150,65,301,166,003723.xml,train
003724.jpg,1,718,500,3,176,131,238,206,003724.xml,train
003725.jpg,1,718,500,3,220,137,291,214,003725.xml,train
003726.jpg,1,718,500,3,185,150,287,230,003726.xml,train
003727.jpg,1,718,500,3,340,251,452,339,003727.xml,train
003728.jpg,1,718,500,3,317,251,426,335,003728.xml,train
003729.jpg,1,718,500,3,279,244,386,336,003729.xml,train
003730.jpg,1,718,500,3,300,243,404,328,003730.xml,test
003731.jpg,1,718,500,3,353,238,442,328,003731.xml,train
003732.jpg,1,718,500,3,374,119,466,231,003732.xml,val
003733.jpg,1,718,500,3,376,111,468,228,003733.xml,test
003734.jpg,1,718,500,3,207,121,394,327,003734.xml,train
003735.jpg,1,718,500,3,299,174,433,336,003735.xml,train
003736.jpg,1,718,500,3,249,164,337,250,003736.xml,train
003737.jpg,1,718,500,3,271,143,361,236,003737.xml,train
003738.jpg,1,718,500,3,179,163,273,228,003738.xml,train
003739.jpg,1,718,500,3,285,55,376,142,003739.xml,train
003740.jpg,1,718,500,3,384,99,482,201,003740.xml,train
003741.jpg,1,718,500,3,373,95,440,184,003741.xml,test
003742.jpg,1,718,500,3,196,87,308,166,003742.xml,train
003743.jpg,1,718,500,3,389,69,473,144,003743.xml,train
003744.jpg,1,919,646,3,354,315,460,445,003744.xml,train
003745.jpg,1,718,500,3,338,147,401,214,003745.xml,val
003746.jpg,1,718,500,3,275,151,373,230,003746.xml,test
003747.jpg,1,718,500,3,321,122,388,229,003747.xml,train
003748.jpg,1,439,368,3,158,101,212,160,003748.xml,train
003749.jpg,1,439,368,3,85,79,342,225,003749.xml,train
003750.jpg,1,439,368,3,104,65,307,207,003750.xml,train
003751.jpg,1,718,500,3,200,97,416,218,003751.xml,train
003752.jpg,1,718,500,3,223,93,355,208,003752.xml,train
003753.jpg,1,718,500,3,282,146,396,306,003753.xml,train
003754.jpg,1,718,500,3,344,122,474,290,003754.xml,train
003755.jpg,1,718,500,3,332,123,464,296,003755.xml,train
003756.jpg,1,718,500,3,359,129,478,283,003756.xml,val
003757.jpg,1,718,500,3,362,106,496,194,003757.xml,val
003758.jpg,1,718,500,3,189,133,319,215,003758.xml,test
003759.jpg,1,718,500,3,207,125,329,200,003759.xml,train
003760.jpg,1,718,500,3,213,111,346,199,003760.xml,val
003761.jpg,1,718,500,3,354,133,496,256,003761.xml,test
003762.jpg,1,718,500,3,338,142,440,250,003762.xml,test
003763.jpg,1,718,500,3,361,166,445,236,003763.xml,test
003764.jpg,1,718,500,3,396,123,470,214,003764.xml,test
003765.jpg,1,718,500,3,430,130,492,212,003765.xml,train
003766.jpg,1,718,500,3,245,102,345,282,003766.xml,train
003767.jpg,1,718,500,3,260,111,357,284,003767.xml,train
003768.jpg,1,718,500,3,144,142,264,270,003768.xml,train
003769.jpg,1,718,500,3,281,111,456,238,003769.xml,train
003770.jpg,1,718,500,3,285,152,358,230,003770.xml,train
003771.jpg,1,718,500,3,253,130,334,208,003771.xml,train
003772.jpg,1,718,500,3,253,127,348,220,003772.xml,train
003773.jpg,1,718,500,3,348,180,462,304,003773.xml,train
003774.jpg,1,718,500,3,435,158,523,246,003774.xml,test
003775.jpg,1,718,500,3,362,125,401,179,003775.xml,train
003776.jpg,1,718,500,3,416,93,452,146,003776.xml,test
003777.jpg,1,718,500,3,235,45,489,244,003777.xml,test
003778.jpg,1,718,500,3,332,65,578,242,003778.xml,train
003779.jpg,1,718,500,3,337,81,583,224,003779.xml,train
003780.jpg,1,718,500,3,248,70,489,240,003780.xml,train
003781.jpg,1,718,500,3,119,198,323,412,003781.xml,test
003782.jpg,1,718,500,3,125,210,374,447,003782.xml,test
003783.jpg,1,718,500,3,157,179,412,408,003783.xml,train
003784.jpg,1,718,500,3,165,170,425,409,003784.xml,train
003785.jpg,1,718,500,3,231,136,385,263,003785.xml,train
003786.jpg,1,718,500,3,287,134,420,240,003786.xml,train
003787.jpg,1,718,500,3,324,186,500,294,003787.xml,test
003788.jpg,1,718,500,3,281,123,420,232,003788.xml,train
003789.jpg,1,718,500,3,180,198,422,408,003789.xml,val
003790.jpg,1,718,500,3,257,208,448,361,003790.xml,train
003791.jpg,1,718,500,3,195,179,334,325,003791.xml,train
003792.jpg,1,718,500,3,303,131,402,280,003792.xml,train
003793.jpg,1,718,500,3,326,125,505,290,003793.xml,train
003794.jpg,1,718,500,3,324,118,425,238,003794.xml,train
003795.jpg,1,718,500,3,408,138,502,238,003795.xml,train
003796.jpg,1,718,500,3,260,134,348,248,003796.xml,train
003797.jpg,1,718,500,3,420,98,470,170,003797.xml,train
003798.jpg,1,718,500,3,284,90,337,153,003798.xml,train
003799.jpg,1,818,628,3,257,267,320,352,003799.xml,train
003800.jpg,1,718,500,3,321,186,408,307,003800.xml,train
003801.jpg,1,718,500,3,366,174,454,291,003801.xml,train
003802.jpg,1,718,500,3,394,180,505,320,003802.xml,test
003803.jpg,1,718,500,3,308,194,441,280,003803.xml,train
003804.jpg,1,718,500,3,300,196,409,299,003804.xml,test
003805.jpg,1,718,500,3,366,166,488,292,003805.xml,train
003806.jpg,1,818,628,3,331,223,402,319,003806.xml,test
003807.jpg,1,818,628,3,269,169,391,281,003807.xml,train
003808.jpg,1,718,500,3,368,167,446,223,003808.xml,test
003809.jpg,1,718,500,3,329,167,390,227,003809.xml,test
003810.jpg,1,718,500,3,419,155,505,234,003810.xml,val
003811.jpg,1,718,500,3,167,93,658,325,003811.xml,train
003812.jpg,1,718,500,3,157,94,643,325,003812.xml,train
003813.jpg,1,718,500,3,333,73,717,351,003813.xml,train
003814.jpg,1,718,500,3,253,53,695,341,003814.xml,test
003815.jpg,1,718,500,3,246,58,321,127,003815.xml,train
003816.jpg,1,818,628,3,495,232,547,325,003816.xml,train
003817.jpg,1,718,500,3,369,81,694,279,003817.xml,test
003818.jpg,1,718,500,3,239,93,706,371,003818.xml,train
003819.jpg,1,718,500,3,289,83,671,355,003819.xml,train
003820.jpg,1,718,500,3,201,154,263,250,003820.xml,train
003821.jpg,1,718,500,3,231,83,621,356,003821.xml,val
003822.jpg,1,718,500,3,253,95,627,355,003822.xml,train
003823.jpg,1,718,500,3,199,75,529,270,003823.xml,train
003824.jpg,1,718,500,3,90,148,168,231,003824.xml,val
003825.jpg,1,718,500,3,71,83,573,376,003825.xml,train
003826.jpg,1,718,500,3,247,155,389,317,003826.xml,test
003827.jpg,1,718,500,3,215,180,325,270,003827.xml,test
003828.jpg,1,718,500,3,296,152,409,231,003828.xml,train
003829.jpg,1,718,500,3,369,160,469,268,003829.xml,train
003830.jpg,1,718,500,3,315,140,436,294,003830.xml,test
003831.jpg,1,718,500,3,345,159,453,274,003831.xml,train
003832.jpg,1,718,500,3,187,86,280,166,003832.xml,train
003833.jpg,1,718,500,3,196,109,284,194,003833.xml,val
003834.jpg,1,718,500,3,470,82,615,166,003834.xml,val
003835.jpg,1,718,500,3,317,106,442,196,003835.xml,train
003836.jpg,1,718,500,3,354,110,417,168,003836.xml,val
003837.jpg,1,718,500,3,336,101,400,158,003837.xml,train
003838.jpg,1,718,500,3,333,107,409,164,003838.xml,test
003839.jpg,1,718,500,3,205,146,293,238,003839.xml,train
003840.jpg,1,718,500,3,228,143,328,242,003840.xml,train
003841.jpg,1,718,500,3,245,134,369,252,003841.xml,train
003842.jpg,1,498,429,3,208,130,304,219,003842.xml,test
003843.jpg,1,498,429,3,143,130,238,208,003843.xml,test
003844.jpg,1,498,429,3,99,110,204,217,003844.xml,train
003845.jpg,1,498,429,3,226,137,330,236,003845.xml,train
003846.jpg,1,718,500,3,223,54,485,220,003846.xml,test
003847.jpg,1,718,500,3,332,70,529,280,003847.xml,val
003848.jpg,1,718,500,3,211,49,530,239,003848.xml,test
003849.jpg,1,718,500,3,426,51,663,193,003849.xml,train
003850.jpg,1,718,500,3,283,77,504,210,003850.xml,train
003851.jpg,1,718,500,3,424,49,639,180,003851.xml,train
003852.jpg,1,718,500,3,346,135,429,238,003852.xml,train
003853.jpg,1,718,500,3,220,130,331,229,003853.xml,test
003854.jpg,1,718,500,3,338,236,442,320,003854.xml,train
003855.jpg,1,718,500,3,307,248,413,327,003855.xml,val
003856.jpg,1,718,500,3,301,247,417,317,003856.xml,train
003857.jpg,1,718,500,3,185,180,416,317,003857.xml,train
003858.jpg,1,718,500,3,452,190,546,256,003858.xml,train
003859.jpg,1,718,500,3,382,255,461,357,003859.xml,train
003860.jpg,1,718,500,3,343,230,420,317,003860.xml,train
003861.jpg,1,718,500,3,365,220,450,323,003861.xml,train
003862.jpg,1,718,500,3,365,224,432,316,003862.xml,test
003863.jpg,1,439,368,3,234,101,330,187,003863.xml,val
003864.jpg,1,439,368,3,187,84,292,192,003864.xml,train
003865.jpg,1,718,500,3,229,106,565,314,003865.xml,train
003866.jpg,1,718,500,3,227,113,448,306,003866.xml,train
003867.jpg,1,718,500,3,299,69,526,340,003867.xml,train
003868.jpg,1,718,500,3,244,122,358,254,003868.xml,train
003869.jpg,1,718,500,3,317,109,386,199,003869.xml,train
003870.jpg,1,718,500,3,255,95,349,172,003870.xml,val
003871.jpg,1,718,500,3,286,214,377,316,003871.xml,train
003872.jpg,1,718,500,3,497,102,546,163,003872.xml,train
003873.jpg,1,718,500,3,233,39,421,184,003873.xml,train
003874.jpg,1,718,500,3,376,159,512,315,003874.xml,test
003875.jpg,1,718,500,3,408,138,549,308,003875.xml,val
003876.jpg,1,718,500,3,235,161,400,317,003876.xml,train
003877.jpg,1,718,500,3,476,199,562,301,003877.xml,train
003878.jpg,1,718,500,3,181,204,456,383,003878.xml,train
003879.jpg,1,718,500,3,232,203,465,379,003879.xml,train
003880.jpg,1,718,500,3,311,241,389,373,003880.xml,train
003881.jpg,1,718,500,3,369,114,590,312,003881.xml,test
003882.jpg,1,718,500,3,422,140,650,325,003882.xml,test
003883.jpg,1,718,500,3,319,91,470,207,003883.xml,test
003884.jpg,1,718,500,3,279,91,420,198,003884.xml,train
003885.jpg,1,718,500,3,233,103,378,227,003885.xml,train
003886.jpg,1,718,500,3,203,143,287,227,003886.xml,train
003887.jpg,1,718,500,3,228,99,349,199,003887.xml,test
003888.jpg,1,718,500,3,392,81,498,159,003888.xml,test
003889.jpg,1,718,500,3,142,140,219,210,003889.xml,train
003890.jpg,1,718,500,3,273,102,398,175,003890.xml,train
003891.jpg,1,718,500,3,441,94,511,164,003891.xml,test
003892.jpg,1,718,500,3,250,139,480,286,003892.xml,train
003893.jpg,1,718,500,3,200,129,472,285,003893.xml,train
003894.jpg,1,718,500,3,280,156,470,278,003894.xml,train
003895.jpg,1,718,500,3,148,133,360,251,003895.xml,train
003896.jpg,1,718,500,3,425,129,504,218,003896.xml,train
003897.jpg,1,718,500,3,436,117,530,226,003897.xml,val
003898.jpg,1,718,500,3,277,199,370,301,003898.xml,train
003899.jpg,1,718,500,3,99,106,562,481,003899.xml,train
003900.jpg,1,718,500,3,142,84,558,329,003900.xml,train
003901.jpg,1,718,500,3,413,259,519,372,003901.xml,val
003902.jpg,1,718,500,3,327,254,454,372,003902.xml,train
003903.jpg,1,718,500,3,457,267,578,363,003903.xml,train
003904.jpg,1,718,500,3,217,73,413,256,003904.xml,test
003905.jpg,1,718,500,3,104,67,531,286,003905.xml,train
003906.jpg,1,718,500,3,169,80,550,260,003906.xml,test
003907.jpg,1,718,500,3,224,111,438,288,003907.xml,train
003908.jpg,1,718,500,3,91,58,488,314,003908.xml,test
003909.jpg,1,718,500,3,247,130,358,227,003909.xml,train
003910.jpg,1,718,500,3,489,142,535,210,003910.xml,train
003911.jpg,1,818,628,3,250,213,355,329,003911.xml,train
003912.jpg,1,718,500,3,458,115,530,190,003912.xml,train
003913.jpg,1,718,500,3,447,104,537,201,003913.xml,train
003914.jpg,1,718,500,3,465,101,558,196,003914.xml,train
003915.jpg,1,718,500,3,424,106,542,203,003915.xml,train
003916.jpg,1,718,500,3,490,103,589,195,003916.xml,test
003917.jpg,1,718,500,3,507,110,591,196,003917.xml,test
003918.jpg,1,718,500,3,204,81,506,243,003918.xml,train
003919.jpg,1,718,500,3,249,85,434,199,003919.xml,train
003920.jpg,1,718,500,3,173,79,493,222,003920.xml,train
003921.jpg,1,818,628,3,376,156,449,251,003921.xml,train
003922.jpg,1,818,628,3,409,150,499,241,003922.xml,train
003923.jpg,1,718,500,3,203,121,323,190,003923.xml,train
003924.jpg,1,718,500,3,204,109,330,180,003924.xml,train
003925.jpg,1,718,500,3,191,155,328,244,003925.xml,test
003926.jpg,1,718,500,3,209,195,333,268,003926.xml,val
003927.jpg,1,718,500,3,225,58,557,203,003927.xml,train
003928.jpg,1,718,500,3,257,46,489,234,003928.xml,train
003929.jpg,1,718,500,3,317,126,445,196,003929.xml,train
003930.jpg,1,718,500,3,239,94,369,190,003930.xml,train
003931.jpg,1,718,500,3,204,79,315,214,003931.xml,train
003932.jpg,1,718,500,3,384,63,496,207,003932.xml,val
003933.jpg,1,718,500,3,296,83,404,212,003933.xml,test
003934.jpg,1,718,500,3,364,118,422,198,003934.xml,train
003935.jpg,1,718,500,3,183,216,243,283,003935.xml,train
003936.jpg,1,718,500,3,94,109,201,195,003936.xml,test
003937.jpg,1,718,500,3,253,122,562,341,003937.xml,train
003938.jpg,1,718,500,3,188,218,279,288,003938.xml,train
003939.jpg,1,718,500,3,291,125,599,352,003939.xml,train
003940.jpg,1,718,500,3,134,113,240,214,003940.xml,train
003941.jpg,1,718,500,3,384,223,450,315,003941.xml,train
003942.jpg,1,718,500,3,425,106,603,267,003942.xml,test
003943.jpg,1,718,500,3,265,112,586,333,003943.xml,test
003944.jpg,1,718,500,3,309,86,493,211,003944.xml,train
003945.jpg,1,718,500,3,316,49,497,188,003945.xml,train
003946.jpg,1,718,500,3,284,89,400,180,003946.xml,train
003947.jpg,1,718,500,3,236,298,309,357,003947.xml,train
003948.jpg,1,718,500,3,346,292,406,341,003948.xml,train
003949.jpg,1,718,500,3,347,195,518,308,003949.xml,train
003950.jpg,1,718,500,3,203,135,404,321,003950.xml,train
003951.jpg,1,718,500,3,170,142,428,343,003951.xml,train
003952.jpg,1,718,500,3,229,147,457,343,003952.xml,test
003953.jpg,1,818,628,3,314,188,573,380,003953.xml,train
003954.jpg,1,718,500,3,426,130,570,240,003954.xml,train
003955.jpg,1,718,500,3,293,126,416,236,003955.xml,train
003956.jpg,1,718,500,3,393,63,488,140,003956.xml,train
003957.jpg,1,718,500,3,366,61,452,140,003957.xml,train
003958.jpg,1,718,500,3,293,59,386,134,003958.xml,test
003959.jpg,1,718,500,3,122,94,492,341,003959.xml,val
003960.jpg,1,718,500,3,299,95,420,203,003960.xml,test
003961.jpg,1,718,500,3,368,103,468,203,003961.xml,test
003962.jpg,1,818,628,3,256,78,493,268,003962.xml,train
003963.jpg,1,818,628,3,290,76,540,272,003963.xml,test
003964.jpg,1,718,500,3,245,194,336,276,003964.xml,train
003965.jpg,1,718,500,3,332,308,402,377,003965.xml,train
003966.jpg,1,718,500,3,317,207,410,274,003966.xml,train
003967.jpg,1,718,500,3,173,77,251,167,003967.xml,val
003968.jpg,1,718,500,3,282,94,421,239,003968.xml,train
003969.jpg,1,718,500,3,208,91,365,232,003969.xml,train
003970.jpg,1,718,500,3,1,114,438,302,003970.xml,train
003971.jpg,1,718,500,3,280,97,426,256,003971.xml,train
003972.jpg,1,718,500,3,196,89,357,235,003972.xml,train
003973.jpg,1,718,500,3,329,105,453,192,003973.xml,train
003974.jpg,1,718,500,3,458,94,513,147,003974.xml,test
003975.jpg,1,718,500,3,253,131,405,220,003975.xml,test
003976.jpg,1,718,500,3,157,118,288,180,003976.xml,train
003977.jpg,1,718,500,3,352,144,464,231,003977.xml,train
003978.jpg,1,718,500,3,344,143,444,223,003978.xml,train
003979.jpg,1,718,500,3,253,179,338,303,003979.xml,train
003980.jpg,1,718,500,3,195,175,313,324,003980.xml,train
003981.jpg,1,718,500,3,272,183,372,323,003981.xml,val
003982.jpg,1,718,500,3,155,86,297,200,003982.xml,train
003983.jpg,1,718,500,3,217,79,362,171,003983.xml,train
003984.jpg,1,718,500,3,319,166,378,226,003984.xml,train
003985.jpg,1,718,500,3,327,163,388,231,003985.xml,train
003986.jpg,1,718,500,3,326,154,404,215,003986.xml,train
003987.jpg,1,718,500,3,260,125,405,196,003987.xml,val
003988.jpg,1,718,500,3,251,117,389,192,003988.xml,train
003989.jpg,1,718,500,3,100,126,173,212,003989.xml,test
003990.jpg,1,718,500,3,320,78,449,224,003990.xml,test
003991.jpg,1,718,500,3,311,70,468,228,003991.xml,train
003992.jpg,1,718,500,3,95,129,173,195,003992.xml,test
003993.jpg,1,718,500,3,361,134,430,223,003993.xml,val
003994.jpg,1,718,500,3,269,94,436,238,003994.xml,val
003995.jpg,1,718,500,3,394,79,586,238,003995.xml,train
003996.jpg,1,718,500,3,171,110,357,204,003996.xml,train
003997.jpg,1,718,500,3,175,93,299,218,003997.xml,train
003998.jpg,1,718,500,3,248,139,341,256,003998.xml,train
003999.jpg,1,718,500,3,216,103,376,294,003999.xml,train
004000.jpg,1,718,500,3,241,67,370,212,004000.xml,test
004001.jpg,1,718,500,3,393,101,513,242,004001.xml,test
004002.jpg,1,718,500,3,232,294,364,417,004002.xml,train
004003.jpg,1,818,628,3,250,127,354,245,004003.xml,train
004004.jpg,1,818,628,3,336,119,422,271,004004.xml,train
004005.jpg,1,818,628,3,374,146,449,220,004005.xml,train
004006.jpg,1,718,500,3,250,78,330,154,004006.xml,train
004007.jpg,1,718,500,3,276,49,372,143,004007.xml,train
004008.jpg,1,718,500,3,211,114,394,294,004008.xml,train
004009.jpg,1,718,500,3,173,139,316,299,004009.xml,train
004010.jpg,1,718,500,3,328,200,374,250,004010.xml,train
004011.jpg,1,718,500,3,426,194,473,258,004011.xml,train
004012.jpg,1,718,500,3,389,121,530,231,004012.xml,train
004013.jpg,1,718,500,3,382,138,545,254,004013.xml,test
004014.jpg,1,718,500,3,342,103,507,254,004014.xml,train
004015.jpg,1,718,500,3,256,86,426,216,004015.xml,train
004016.jpg,1,718,500,3,288,81,488,215,004016.xml,train
004017.jpg,1,718,500,3,233,111,535,392,004017.xml,test
004018.jpg,1,718,500,3,191,105,423,265,004018.xml,train
004019.jpg,1,718,500,3,197,112,424,275,004019.xml,train
004020.jpg,1,818,628,3,309,164,448,269,004020.xml,train
004021.jpg,1,718,500,3,115,135,252,308,004021.xml,train
004022.jpg,1,718,500,3,209,115,457,307,004022.xml,train
004023.jpg,1,818,628,3,379,115,642,345,004023.xml,val
004024.jpg,1,818,628,3,279,85,605,302,004024.xml,train
004025.jpg,1,818,628,3,331,123,648,403,004025.xml,test
004026.jpg,1,818,628,3,211,83,550,363,004026.xml,train
004027.jpg,1,818,628,3,303,182,415,297,004027.xml,train
004028.jpg,1,818,628,3,340,183,536,359,004028.xml,train
004029.jpg,1,818,628,3,246,160,485,343,004029.xml,train
004030.jpg,1,439,368,3,250,98,401,204,004030.xml,train
004031.jpg,1,439,368,3,183,110,317,216,004031.xml,train
004032.jpg,1,718,500,3,449,125,534,206,004032.xml,train
004033.jpg,1,718,500,3,285,69,361,158,004033.xml,train
004034.jpg,1,718,500,3,149,204,356,347,004034.xml,val
004035.jpg,1,718,500,3,211,180,458,373,004035.xml,train
004036.jpg,1,718,500,3,251,35,428,144,004036.xml,val
004037.jpg,1,718,500,3,267,38,457,156,004037.xml,train
004038.jpg,1,718,500,3,264,34,452,143,004038.xml,train
004039.jpg,1,718,500,3,299,77,552,251,004039.xml,val
004040.jpg,1,718,500,3,294,49,525,258,004040.xml,train
004041.jpg,1,818,628,3,265,157,523,362,004041.xml,train
004042.jpg,1,718,500,3,220,58,478,194,004042.xml,train
004043.jpg,1,718,500,3,191,69,491,249,004043.xml,train
004044.jpg,1,818,628,3,248,110,540,349,004044.xml,train
004045.jpg,1,718,500,3,315,122,583,307,004045.xml,train
004046.jpg,1,718,500,3,233,41,401,286,004046.xml,test
004047.jpg,1,718,500,3,164,73,402,263,004047.xml,train
004048.jpg,1,718,500,3,255,82,409,163,004048.xml,train
004049.jpg,1,718,500,3,295,74,440,178,004049.xml,test
004050.jpg,1,718,500,3,248,102,409,198,004050.xml,train
004051.jpg,1,718,500,3,235,83,398,204,004051.xml,train
004052.jpg,1,718,500,3,281,91,404,188,004052.xml,train
004053.jpg,1,718,500,3,275,98,332,172,004053.xml,train
004054.jpg,1,718,500,3,297,95,456,208,004054.xml,train
004055.jpg,1,718,500,3,245,142,377,228,004055.xml,train
004056.jpg,1,718,500,3,398,137,513,207,004056.xml,train
004057.jpg,1,718,500,3,244,95,398,183,004057.xml,train
004058.jpg,1,718,500,3,103,166,406,459,004058.xml,train
004059.jpg,1,718,500,3,180,190,494,442,004059.xml,train
004060.jpg,1,718,500,3,144,164,425,445,004060.xml,test
004061.jpg,1,718,500,3,308,163,430,255,004061.xml,val
004062.jpg,1,718,500,3,336,165,397,253,004062.xml,test
004063.jpg,1,818,628,3,357,193,442,267,004063.xml,test
004064.jpg,1,718,500,3,366,94,437,174,004064.xml,train
004065.jpg,0,718,500,3,205,156,437,384,004065.xml,train
004066.jpg,1,718,500,3,239,91,396,240,004066.xml,train
004067.jpg,1,718,500,3,264,99,457,258,004067.xml,train
004068.jpg,0,718,500,3,408,157,501,247,004068.xml,train
004069.jpg,1,718,500,3,279,166,348,230,004069.xml,train
004070.jpg,0,718,500,3,244,109,478,263,004070.xml,train
004071.jpg,0,718,500,3,276,156,372,211,004071.xml,train
004072.jpg,0,718,500,3,256,171,348,227,004072.xml,train
004073.jpg,1,718,500,3,282,248,390,341,004073.xml,train
004074.jpg,1,718,500,3,308,140,481,264,004074.xml,train
004075.jpg,1,718,500,3,326,162,465,263,004075.xml,train
004076.jpg,0,818,628,3,428,318,492,384,004076.xml,train
004077.jpg,0,818,628,3,194,237,360,360,004077.xml,train
004078.jpg,0,718,500,3,269,173,330,212,004078.xml,test
004079.jpg,0,718,500,3,255,168,320,218,004079.xml,train
004080.jpg,0,718,500,3,240,166,338,254,004080.xml,train
004081.jpg,0,718,500,3,493,303,551,336,004081.xml,test
004082.jpg,0,718,500,3,184,123,323,278,004082.xml,train
004083.jpg,0,718,500,3,293,220,366,284,004083.xml,train
004084.jpg,1,718,500,3,234,143,411,278,004084.xml,val
004085.jpg,0,718,500,3,301,195,381,259,004085.xml,train
004086.jpg,0,718,500,3,376,183,488,268,004086.xml,train
004087.jpg,0,718,500,3,493,200,543,260,004087.xml,train
004088.jpg,0,818,628,3,279,197,409,284,004088.xml,train
004089.jpg,0,818,628,3,472,207,600,319,004089.xml,train
004090.jpg,0,818,628,3,408,208,577,341,004090.xml,train
004091.jpg,0,818,628,3,344,116,541,255,004091.xml,train
004092.jpg,1,718,500,3,107,153,327,344,004092.xml,test
004093.jpg,1,718,500,3,85,145,220,334,004093.xml,train
004094.jpg,1,718,500,3,282,145,478,294,004094.xml,test
004095.jpg,1,718,500,3,258,119,443,272,004095.xml,test
004096.jpg,0,818,628,3,364,164,539,265,004096.xml,test
004097.jpg,0,818,628,3,189,133,771,514,004097.xml,test
004098.jpg,0,718,500,3,373,167,482,243,004098.xml,train
004099.jpg,0,718,500,3,372,168,473,232,004099.xml,test
004100.jpg,0,718,500,3,287,194,346,235,004100.xml,train
004101.jpg,0,718,500,3,132,190,196,228,004101.xml,train
004102.jpg,1,718,500,3,194,157,360,284,004102.xml,test
004103.jpg,1,718,500,3,250,216,302,291,004103.xml,train
004104.jpg,0,718,500,3,345,151,420,199,004104.xml,train
004105.jpg,0,718,500,3,126,59,433,212,004105.xml,test
004106.jpg,0,718,500,3,378,119,421,151,004106.xml,train
004107.jpg,0,718,500,3,268,143,434,248,004107.xml,val
004108.jpg,0,718,500,3,440,172,529,226,004108.xml,train
004109.jpg,0,718,500,3,260,187,326,234,004109.xml,train
004110.jpg,0,818,628,3,326,145,446,214,004110.xml,test
004111.jpg,0,718,500,3,488,164,545,219,004111.xml,train
004112.jpg,0,718,500,3,297,97,336,139,004112.xml,train
004113.jpg,0,718,500,3,349,198,404,255,004113.xml,train
004114.jpg,0,718,500,3,533,127,566,159,004114.xml,train
004115.jpg,0,718,500,3,184,94,370,198,004115.xml,test
004116.jpg,0,718,500,3,263,182,300,219,004116.xml,train
004117.jpg,0,718,500,3,199,147,227,172,004117.xml,train
004118.jpg,0,718,500,3,241,93,372,164,004118.xml,train
004119.jpg,0,718,500,3,397,119,541,194,004119.xml,train
004120.jpg,0,718,500,3,304,211,350,255,004120.xml,train
004121.jpg,0,718,500,3,358,216,418,267,004121.xml,train
004122.jpg,0,718,500,3,327,60,510,187,004122.xml,test
004123.jpg,0,718,500,3,281,144,362,202,004123.xml,train
004124.jpg,1,718,500,3,272,125,370,227,004124.xml,train
004125.jpg,0,718,500,3,453,137,537,171,004125.xml,train
004126.jpg,0,718,500,3,271,164,454,259,004126.xml,test
004127.jpg,0,718,500,3,515,186,685,290,004127.xml,val
004128.jpg,0,718,500,3,256,47,510,156,004128.xml,val
004129.jpg,0,718,500,3,517,203,573,264,004129.xml,train
004130.jpg,0,718,500,3,396,202,437,227,004130.xml,test
004131.jpg,0,718,500,3,276,204,319,284,004131.xml,val
004132.jpg,0,718,500,3,354,142,409,216,004132.xml,train
004133.jpg,0,718,500,3,277,133,329,168,004133.xml,train
004134.jpg,0,718,500,3,334,148,393,198,004134.xml,train
004135.jpg,0,818,628,3,469,213,531,302,004135.xml,train
004136.jpg,0,718,500,3,121,46,517,219,004136.xml,test
004137.jpg,0,718,500,3,277,23,409,127,004137.xml,train
004138.jpg,0,718,500,3,365,50,494,144,004138.xml,val
004139.jpg,0,718,500,3,100,146,142,178,004139.xml,train
004140.jpg,0,718,500,3,358,103,404,135,004140.xml,test
004141.jpg,0,718,500,3,151,90,237,147,004141.xml,train
004142.jpg,0,718,500,3,228,109,386,212,004142.xml,test
004143.jpg,1,718,500,3,311,150,383,226,004143.xml,train
004144.jpg,1,718,500,3,260,87,448,243,004144.xml,train
004145.jpg,0,718,500,3,177,105,277,159,004145.xml,train
004146.jpg,0,439,368,3,171,145,247,198,004146.xml,test
004147.jpg,0,718,500,3,300,148,358,186,004147.xml,test
004148.jpg,0,718,500,3,198,161,458,320,004148.xml,val
004149.jpg,0,718,500,3,219,282,271,329,004149.xml,train
004150.jpg,0,718,500,3,313,288,356,333,004150.xml,train
004151.jpg,0,718,500,3,307,247,405,295,004151.xml,test
004152.jpg,0,718,500,3,255,230,340,275,004152.xml,train
004153.jpg,0,818,628,3,196,88,571,428,004153.xml,train
004154.jpg,0,718,500,3,305,160,378,222,004154.xml,train
004155.jpg,0,718,500,3,386,170,448,234,004155.xml,train
004156.jpg,0,718,500,3,398,131,481,187,004156.xml,val
004157.jpg,0,718,500,3,279,211,380,278,004157.xml,train
004158.jpg,0,718,500,3,353,211,370,238,004158.xml,val
004159.jpg,1,718,500,3,441,85,585,253,004159.xml,train
004160.jpg,0,718,500,3,393,143,519,250,004160.xml,train
004161.jpg,0,818,628,3,337,152,419,215,004161.xml,val
004162.jpg,0,718,500,3,233,180,291,244,004162.xml,train
004163.jpg,0,718,500,3,257,243,333,312,004163.xml,train
004164.jpg,0,718,500,3,115,77,601,437,004164.xml,train
004165.jpg,0,718,500,3,126,142,192,166,004165.xml,test
004166.jpg,1,718,500,3,140,103,531,391,004166.xml,train
004167.jpg,1,818,628,3,357,273,503,422,004167.xml,test
004168.jpg,1,818,628,3,419,288,537,409,004168.xml,test
004169.jpg,1,818,628,3,360,238,522,382,004169.xml,train
004170.jpg,1,718,500,3,402,65,563,217,004170.xml,test
004171.jpg,1,818,628,3,341,187,456,276,004171.xml,train
004172.jpg,1,818,628,3,195,196,304,288,004172.xml,train
004173.jpg,1,818,628,3,348,183,456,288,004173.xml,train
004174.jpg,1,818,628,3,196,200,296,291,004174.xml,train
004175.jpg,1,718,500,3,382,62,541,217,004175.xml,val
004176.jpg,1,718,500,3,332,84,480,210,004176.xml,test
004177.jpg,1,718,500,3,389,111,460,166,004177.xml,train
004178.jpg,1,718,500,3,229,164,378,276,004178.xml,val
004179.jpg,1,718,500,3,350,75,494,218,004179.xml,val
004180.jpg,1,718,500,3,488,170,650,363,004180.xml,train
004181.jpg,1,718,500,3,110,93,605,381,004181.xml,test
004182.jpg,1,718,500,3,78,85,587,361,004182.xml,train
004183.jpg,1,718,500,3,160,83,456,356,004183.xml,train
004184.jpg,1,718,500,3,102,74,575,328,004184.xml,train
004185.jpg,1,718,500,3,264,186,356,316,004185.xml,train
004186.jpg,1,718,500,3,295,215,370,324,004186.xml,train
004187.jpg,1,718,500,3,139,127,397,321,004187.xml,train
004188.jpg,1,718,500,3,192,138,396,317,004188.xml,train
004189.jpg,1,718,500,3,373,148,489,232,004189.xml,test
004190.jpg,1,718,500,3,241,129,457,308,004190.xml,val
004191.jpg,1,718,500,3,370,138,493,239,004191.xml,test
004192.jpg,1,818,628,3,347,169,452,279,004192.xml,train
004193.jpg,1,718,500,3,213,187,360,274,004193.xml,train
004194.jpg,1,718,500,3,139,88,546,392,004194.xml,train
004195.jpg,1,818,628,3,377,116,573,264,004195.xml,val
004196.jpg,1,718,500,3,291,61,393,152,004196.xml,train
004197.jpg,1,718,500,3,187,129,271,190,004197.xml,train
004198.jpg,1,718,500,3,241,191,469,375,004198.xml,train
004199.jpg,1,718,500,3,80,187,325,380,004199.xml,train
004200.jpg,1,718,500,3,86,194,374,381,004200.xml,test
004201.jpg,1,498,429,3,108,75,289,185,004201.xml,train
004202.jpg,1,498,429,3,172,93,280,211,004202.xml,train
004203.jpg,1,498,429,3,78,60,360,191,004203.xml,train
004204.jpg,1,718,500,3,331,101,457,204,004204.xml,train
004205.jpg,1,818,628,3,259,79,509,268,004205.xml,test
004206.jpg,1,818,628,3,506,82,695,296,004206.xml,val
004207.jpg,1,718,500,3,256,74,373,160,004207.xml,train
004208.jpg,1,718,500,3,220,85,341,162,004208.xml,train
004209.jpg,1,818,628,3,475,230,587,345,004209.xml,train
004210.jpg,1,818,628,3,445,240,588,349,004210.xml,val
004211.jpg,1,818,628,3,432,242,514,329,004211.xml,train
004212.jpg,1,818,628,3,435,294,533,393,004212.xml,val
004213.jpg,1,818,628,3,282,288,395,383,004213.xml,test
004214.jpg,1,718,500,3,249,113,372,214,004214.xml,train
004215.jpg,1,718,500,3,260,105,381,220,004215.xml,train
004216.jpg,1,718,500,3,239,49,381,167,004216.xml,val
004217.jpg,1,718,500,3,409,83,546,196,004217.xml,train
004218.jpg,1,718,500,3,271,118,406,219,004218.xml,train
004219.jpg,1,718,500,3,259,148,326,235,004219.xml,train
004220.jpg,1,718,500,3,247,57,357,162,004220.xml,train
004221.jpg,1,818,628,3,178,81,475,294,004221.xml,train
004222.jpg,1,818,628,3,143,92,418,301,004222.xml,train
004223.jpg,1,718,500,3,216,124,323,211,004223.xml,train
004224.jpg,1,718,500,3,296,136,433,233,004224.xml,val
004225.jpg,1,718,500,3,318,144,381,210,004225.xml,train
004226.jpg,1,718,500,3,110,86,562,401,004226.xml,train
004227.jpg,1,718,500,3,215,49,613,377,004227.xml,test
004228.jpg,1,718,500,3,342,49,482,142,004228.xml,train
004229.jpg,1,718,500,3,209,95,315,215,004229.xml,train
004230.jpg,1,718,500,3,11,89,104,147,004230.xml,test
004231.jpg,1,718,500,3,201,134,358,270,004231.xml,train
004232.jpg,1,718,500,3,318,156,453,246,004232.xml,train
004233.jpg,1,718,500,3,122,168,204,235,004233.xml,train
004234.jpg,1,718,500,3,224,122,323,276,004234.xml,train
004235.jpg,1,718,500,3,264,121,417,258,004235.xml,test
004236.jpg,1,718,500,3,130,126,283,238,004236.xml,test
004237.jpg,1,718,500,3,363,172,470,268,004237.xml,train
004238.jpg,1,439,368,3,161,65,328,189,004238.xml,train
004239.jpg,1,439,368,3,120,70,248,203,004239.xml,train
004240.jpg,1,818,628,3,249,100,614,338,004240.xml,train
004241.jpg,1,818,628,3,211,103,585,326,004241.xml,train
004242.jpg,1,818,628,3,107,130,541,458,004242.xml,test
004243.jpg,1,718,500,3,220,65,438,186,004243.xml,val
004244.jpg,1,818,628,3,319,262,463,366,004244.xml,val
004245.jpg,1,818,628,3,297,122,477,237,004245.xml,train
004246.jpg,1,818,628,3,279,108,458,251,004246.xml,train
004247.jpg,1,818,628,3,436,100,588,215,004247.xml,train
004248.jpg,1,818,628,3,451,99,605,200,004248.xml,test
004249.jpg,1,818,628,3,371,89,541,206,004249.xml,train
004250.jpg,1,818,628,3,412,91,611,217,004250.xml,test
004251.jpg,1,818,628,3,385,143,601,306,004251.xml,train
004252.jpg,1,718,500,3,198,21,416,152,004252.xml,train
004253.jpg,1,718,500,3,311,140,444,226,004253.xml,train
004254.jpg,1,718,500,3,405,141,561,274,004254.xml,train
004255.jpg,1,718,500,3,200,71,553,261,004255.xml,train
004256.jpg,1,718,500,3,275,74,603,234,004256.xml,train
004257.jpg,1,818,628,3,426,191,685,416,004257.xml,val
004258.jpg,1,818,628,3,371,289,497,417,004258.xml,test
004259.jpg,1,818,628,3,372,130,568,271,004259.xml,train
004260.jpg,1,718,500,3,279,146,369,239,004260.xml,train
004261.jpg,1,718,500,3,177,131,269,235,004261.xml,train
004262.jpg,1,818,628,3,245,154,380,276,004262.xml,train
004263.jpg,1,818,628,3,228,78,600,306,004263.xml,train
004264.jpg,1,718,500,3,298,31,473,133,004264.xml,train
004265.jpg,1,718,500,3,106,71,455,372,004265.xml,train
004266.jpg,1,818,628,3,338,126,514,262,004266.xml,train
004267.jpg,1,718,500,3,257,110,595,278,004267.xml,train
004268.jpg,1,718,500,3,201,99,551,279,004268.xml,train
004269.jpg,1,718,500,3,277,114,539,288,004269.xml,train
004270.jpg,1,718,500,3,301,105,549,290,004270.xml,test
004271.jpg,1,718,500,3,157,95,323,276,004271.xml,train
004272.jpg,1,718,500,3,151,121,346,271,004272.xml,test
004273.jpg,1,718,500,3,172,82,470,276,004273.xml,train
004274.jpg,1,718,500,3,184,31,468,363,004274.xml,train
004275.jpg,1,818,628,3,375,173,452,291,004275.xml,train
004276.jpg,1,818,628,3,270,160,361,258,004276.xml,train
004277.jpg,1,718,500,3,170,49,487,319,004277.xml,train
004278.jpg,1,718,500,3,127,55,344,251,004278.xml,val
004279.jpg,1,718,500,3,247,50,458,235,004279.xml,train
004280.jpg,1,718,500,3,368,78,571,267,004280.xml,train
004281.jpg,1,718,500,3,259,67,436,176,004281.xml,train
004282.jpg,1,718,500,3,227,42,438,243,004282.xml,train
004283.jpg,1,718,500,3,203,42,437,246,004283.xml,train
004284.jpg,1,718,500,3,271,155,350,259,004284.xml,test
004285.jpg,1,718,500,3,30,188,160,306,004285.xml,train
004286.jpg,1,718,500,3,283,127,405,254,004286.xml,train
004287.jpg,1,718,500,3,288,135,433,262,004287.xml,test
004288.jpg,1,718,500,3,256,127,366,250,004288.xml,train
004289.jpg,1,818,628,3,229,137,568,384,004289.xml,test
004290.jpg,1,718,500,3,522,58,717,363,004290.xml,train
004291.jpg,1,718,500,3,199,70,414,288,004291.xml,train
004292.jpg,1,718,500,3,273,101,365,178,004292.xml,test
004293.jpg,1,718,500,3,160,33,586,302,004293.xml,train
004294.jpg,1,718,500,3,256,29,578,266,004294.xml,train
004295.jpg,1,718,500,3,187,101,586,396,004295.xml,train
004296.jpg,1,718,500,3,169,122,494,409,004296.xml,train
004297.jpg,1,718,500,3,138,90,500,357,004297.xml,val
004298.jpg,1,718,500,3,281,123,413,276,004298.xml,val
004299.jpg,1,718,500,3,316,125,370,230,004299.xml,test
004300.jpg,1,718,500,3,198,39,458,234,004300.xml,test
004301.jpg,1,718,500,3,184,130,317,279,004301.xml,train
004302.jpg,1,718,500,3,292,131,450,287,004302.xml,train
004303.jpg,1,718,500,3,136,152,448,320,004303.xml,val
004304.jpg,1,718,500,3,209,151,400,331,004304.xml,train
004305.jpg,1,718,500,3,245,127,348,234,004305.xml,train
004306.jpg,1,439,368,3,203,130,251,191,004306.xml,val
004307.jpg,1,439,368,3,264,122,302,177,004307.xml,val
004308.jpg,1,718,500,3,265,200,426,327,004308.xml,train
004309.jpg,1,718,500,3,192,83,348,178,004309.xml,train
004310.jpg,1,718,500,3,233,61,396,151,004310.xml,test
004311.jpg,1,718,500,3,265,74,425,174,004311.xml,train
004312.jpg,1,718,500,3,352,70,527,182,004312.xml,train
004313.jpg,1,718,500,3,247,219,397,377,004313.xml,test
004314.jpg,1,718,500,3,197,328,332,479,004314.xml,train
004315.jpg,1,718,500,3,444,126,619,244,004315.xml,test
004316.jpg,1,718,500,3,232,268,394,403,004316.xml,train
004317.jpg,1,718,500,3,203,85,519,195,004317.xml,train
004318.jpg,1,718,500,3,229,103,356,207,004318.xml,train
004319.jpg,1,718,500,3,257,125,376,231,004319.xml,train
004320.jpg,1,818,628,3,270,98,624,204,004320.xml,train
004321.jpg,1,818,628,3,306,92,675,311,004321.xml,train
004322.jpg,1,818,628,3,463,177,547,269,004322.xml,test
004323.jpg,1,718,500,3,253,127,365,199,004323.xml,train
004324.jpg,1,718,500,3,334,142,420,220,004324.xml,train
004325.jpg,1,718,500,3,308,86,405,202,004325.xml,test
004326.jpg,1,718,500,3,303,99,432,210,004326.xml,test
004327.jpg,1,718,500,3,287,152,374,256,004327.xml,train
004328.jpg,1,718,500,3,152,88,457,263,004328.xml,val
004329.jpg,1,718,500,3,487,176,564,278,004329.xml,train
004330.jpg,1,718,500,3,213,191,380,341,004330.xml,train
004331.jpg,1,718,500,3,237,123,378,282,004331.xml,train
004332.jpg,1,718,500,3,461,142,542,210,004332.xml,train
004333.jpg,1,718,500,3,177,123,413,272,004333.xml,test
004334.jpg,1,718,500,3,316,224,400,314,004334.xml,train
004335.jpg,1,498,429,3,109,97,416,310,004335.xml,train
004336.jpg,1,498,429,3,168,127,265,219,004336.xml,test
004337.jpg,1,498,429,3,40,159,196,251,004337.xml,train
004338.jpg,1,498,429,3,149,158,280,243,004338.xml,test
004339.jpg,1,718,500,3,200,106,349,204,004339.xml,train
004340.jpg,1,718,500,3,170,198,307,316,004340.xml,train
004341.jpg,1,718,500,3,64,180,187,299,004341.xml,train
004342.jpg,1,718,500,3,100,182,263,316,004342.xml,train
004343.jpg,1,718,500,3,345,170,424,262,004343.xml,train
004344.jpg,1,718,500,3,424,125,493,228,004344.xml,train
004345.jpg,1,718,500,3,260,255,299,332,004345.xml,test
004346.jpg,1,718,500,3,422,247,466,340,004346.xml,val
004347.jpg,1,718,500,3,275,204,434,335,004347.xml,train
004348.jpg,1,718,500,3,302,194,484,341,004348.xml,train
004349.jpg,1,818,628,3,320,179,424,296,004349.xml,val
004350.jpg,1,818,628,3,282,135,421,279,004350.xml,train
004351.jpg,1,818,628,3,181,275,391,435,004351.xml,train
004352.jpg,1,818,628,3,381,232,533,421,004352.xml,train
004353.jpg,1,818,628,3,49,241,205,409,004353.xml,train
004354.jpg,1,818,628,3,232,288,435,479,004354.xml,train
004355.jpg,1,718,500,3,361,68,500,209,004355.xml,test
004356.jpg,1,718,500,3,344,86,468,203,004356.xml,train
004357.jpg,1,818,628,3,306,154,451,332,004357.xml,train
004358.jpg,1,818,628,3,372,117,551,305,004358.xml,test
004359.jpg,1,818,628,3,363,115,593,298,004359.xml,train
004360.jpg,1,718,500,3,332,172,453,279,004360.xml,train
004361.jpg,1,718,500,3,333,102,489,219,004361.xml,train
004362.jpg,1,718,500,3,356,121,486,235,004362.xml,train
004363.jpg,1,718,500,3,303,130,432,246,004363.xml,val
004364.jpg,1,718,500,3,308,101,437,223,004364.xml,train
004365.jpg,1,718,500,3,402,138,678,358,004365.xml,test
004366.jpg,1,718,500,3,394,94,537,215,004366.xml,train
004367.jpg,1,718,500,3,293,82,466,179,004367.xml,train
004368.jpg,1,718,500,3,295,82,446,216,004368.xml,train
004369.jpg,1,718,500,3,244,74,585,247,004369.xml,test
004370.jpg,1,718,500,3,152,78,452,252,004370.xml,test
004371.jpg,1,718,500,3,284,218,332,275,004371.xml,test
004372.jpg,1,718,500,3,168,95,557,248,004372.xml,train
004373.jpg,1,718,500,3,299,61,457,217,004373.xml,test
004374.jpg,1,718,500,3,204,73,362,195,004374.xml,train
004375.jpg,1,718,500,3,422,90,605,247,004375.xml,val
004376.jpg,1,718,500,3,258,193,359,305,004376.xml,train
004377.jpg,1,718,500,3,356,184,434,319,004377.xml,train
004378.jpg,1,718,500,3,384,187,480,315,004378.xml,val
004379.jpg,1,718,500,3,155,59,637,329,004379.xml,train
004380.jpg,1,718,500,3,143,49,610,357,004380.xml,test
004381.jpg,1,718,500,3,142,54,488,432,004381.xml,test
004382.jpg,1,718,500,3,106,42,440,448,004382.xml,test
004383.jpg,1,718,500,3,95,66,690,389,004383.xml,train
004384.jpg,1,718,500,3,329,121,658,315,004384.xml,train
004385.jpg,1,718,500,3,341,103,507,280,004385.xml,train
004386.jpg,1,718,500,3,285,123,531,308,004386.xml,train
004387.jpg,1,718,500,3,245,106,582,344,004387.xml,train
004388.jpg,1,718,500,3,304,126,559,288,004388.xml,test
004389.jpg,1,718,500,3,215,169,343,272,004389.xml,train
004390.jpg,1,718,500,3,281,162,397,284,004390.xml,train
004391.jpg,1,718,500,3,241,118,462,259,004391.xml,train
004392.jpg,1,718,500,3,284,126,426,234,004392.xml,val
004393.jpg,1,718,500,3,136,59,366,224,004393.xml,train
004394.jpg,1,718,500,3,435,168,509,246,004394.xml,test
004395.jpg,1,718,500,3,195,160,292,226,004395.xml,test
004396.jpg,1,718,500,3,366,111,417,163,004396.xml,train
004397.jpg,1,718,500,3,332,142,446,250,004397.xml,test
004398.jpg,1,718,500,3,460,150,557,263,004398.xml,test
004399.jpg,1,718,500,3,326,126,464,266,004399.xml,val
004400.jpg,1,718,500,3,365,95,582,291,004400.xml,test
004401.jpg,1,718,500,3,160,90,359,248,004401.xml,train
004402.jpg,1,718,500,3,272,158,365,246,004402.xml,train
004403.jpg,1,718,500,3,81,53,477,435,004403.xml,val
004404.jpg,1,718,500,3,14,50,356,408,004404.xml,test
004405.jpg,1,718,500,3,295,94,517,280,004405.xml,train
004406.jpg,1,718,500,3,292,220,380,291,004406.xml,train
004407.jpg,1,718,500,3,211,43,320,138,004407.xml,train
004408.jpg,1,718,500,3,434,26,553,126,004408.xml,train
004409.jpg,1,439,368,3,50,85,262,189,004409.xml,train
004410.jpg,1,718,500,3,138,45,464,343,004410.xml,val
004411.jpg,1,718,500,3,213,85,332,224,004411.xml,train
004412.jpg,1,718,500,3,264,140,321,199,004412.xml,test
004413.jpg,1,718,500,3,388,160,438,208,004413.xml,test
004414.jpg,1,718,500,3,398,136,468,196,004414.xml,val
004415.jpg,1,718,500,3,413,127,484,183,004415.xml,train
004416.jpg,1,439,368,3,190,95,326,228,004416.xml,test
004417.jpg,1,439,368,3,158,97,290,246,004417.xml,test
004418.jpg,1,439,368,3,249,102,363,221,004418.xml,train
004419.jpg,1,718,500,3,75,29,422,457,004419.xml,test
004420.jpg,1,718,500,3,152,49,605,457,004420.xml,test
004421.jpg,1,718,500,3,366,248,433,348,004421.xml,train
004422.jpg,1,718,500,3,325,247,412,375,004422.xml,test
004423.jpg,1,718,500,3,44,105,184,243,004423.xml,train
004424.jpg,1,718,500,3,191,81,352,200,004424.xml,train
004425.jpg,1,718,500,3,132,103,261,230,004425.xml,train
004426.jpg,1,718,500,3,1,103,192,307,004426.xml,val
004427.jpg,1,718,500,3,252,79,631,280,004427.xml,train
004428.jpg,1,718,500,3,192,118,424,312,004428.xml,train
004429.jpg,1,718,500,3,191,106,342,244,004429.xml,train
004430.jpg,1,718,500,3,334,143,444,266,004430.xml,test
004431.jpg,1,718,500,3,203,89,362,223,004431.xml,test
004432.jpg,1,718,500,3,241,121,362,232,004432.xml,train
004433.jpg,1,718,500,3,250,97,623,371,004433.xml,train
004434.jpg,1,718,500,3,108,106,485,339,004434.xml,train
004435.jpg,1,439,368,3,188,108,257,166,004435.xml,test
004436.jpg,1,718,500,3,283,101,362,206,004436.xml,val
004437.jpg,1,718,500,3,221,113,313,216,004437.xml,test
004438.jpg,1,718,500,3,303,107,456,225,004438.xml,test
004439.jpg,1,718,500,3,323,115,441,228,004439.xml,test
004440.jpg,1,718,500,3,147,71,538,348,004440.xml,train
004441.jpg,1,718,500,3,161,53,462,352,004441.xml,train
004442.jpg,1,718,500,3,221,82,492,255,004442.xml,train
004443.jpg,1,718,500,3,436,160,506,216,004443.xml,train
004444.jpg,1,718,500,3,320,118,456,262,004444.xml,train
004445.jpg,1,718,500,3,366,146,458,220,004445.xml,train
004446.jpg,1,718,500,3,272,159,398,271,004446.xml,train
004447.jpg,1,718,500,3,330,65,519,236,004447.xml,train
004448.jpg,1,718,500,3,331,153,404,236,004448.xml,test
004449.jpg,1,718,500,3,407,98,541,204,004449.xml,train
004450.jpg,1,718,500,3,287,92,406,207,004450.xml,train
004451.jpg,1,718,500,3,510,134,634,230,004451.xml,test
004452.jpg,1,718,500,3,244,122,393,224,004452.xml,train
004453.jpg,1,718,500,3,275,139,397,242,004453.xml,train
004454.jpg,1,718,500,3,255,163,376,272,004454.xml,train
004455.jpg,1,718,500,3,496,129,622,231,004455.xml,train
004456.jpg,1,718,500,3,251,102,366,254,004456.xml,test
004457.jpg,1,818,628,3,359,136,426,188,004457.xml,train
004458.jpg,1,818,628,3,507,245,565,309,004458.xml,train
004459.jpg,1,439,368,3,107,99,348,240,004459.xml,train
004460.jpg,1,439,368,3,132,115,340,258,004460.xml,train
004461.jpg,1,718,500,3,317,107,436,198,004461.xml,val
004462.jpg,1,718,500,3,299,114,418,207,004462.xml,train
004463.jpg,1,718,500,3,308,113,405,210,004463.xml,val
004464.jpg,1,718,500,3,448,70,585,183,004464.xml,train
004465.jpg,1,718,500,3,397,71,518,179,004465.xml,test
004466.jpg,1,718,500,3,321,106,438,184,004466.xml,train
004467.jpg,1,718,500,3,350,123,433,196,004467.xml,train
004468.jpg,1,718,500,3,189,114,582,347,004468.xml,val
004469.jpg,1,718,500,3,388,109,452,166,004469.xml,train
004470.jpg,1,718,500,3,308,113,364,168,004470.xml,train
004471.jpg,1,718,500,3,336,105,404,158,004471.xml,train
004472.jpg,1,718,500,3,292,102,372,160,004472.xml,train
004473.jpg,1,718,500,3,376,107,454,180,004473.xml,train
004474.jpg,1,718,500,3,367,138,444,224,004474.xml,train
004475.jpg,1,718,500,3,369,71,529,167,004475.xml,test
004476.jpg,1,718,500,3,308,66,457,168,004476.xml,train
004477.jpg,1,718,500,3,297,87,401,166,004477.xml,train
004478.jpg,1,718,500,3,106,182,199,254,004478.xml,test
004479.jpg,1,718,500,3,240,90,346,164,004479.xml,val
004480.jpg,1,718,500,3,185,86,296,164,004480.xml,train
004481.jpg,1,718,500,3,87,151,167,226,004481.xml,test
004482.jpg,1,718,500,3,72,113,191,190,004482.xml,train
004483.jpg,1,718,500,3,224,113,337,195,004483.xml,train
004484.jpg,1,718,500,3,260,21,412,176,004484.xml,train
004485.jpg,1,718,500,3,165,93,292,214,004485.xml,test
004486.jpg,1,718,500,3,56,79,181,215,004486.xml,test
004487.jpg,1,718,500,3,336,207,454,292,004487.xml,test
004488.jpg,1,718,500,3,225,144,344,250,004488.xml,train
004489.jpg,1,718,500,3,188,156,350,296,004489.xml,test
004490.jpg,1,718,500,3,377,190,454,290,004490.xml,train
004491.jpg,1,718,500,3,402,158,494,275,004491.xml,test
004492.jpg,1,718,500,3,338,143,414,214,004492.xml,train
004493.jpg,1,718,500,3,377,145,460,228,004493.xml,train
004494.jpg,1,718,500,3,436,155,541,250,004494.xml,train
004495.jpg,1,718,500,3,570,166,667,271,004495.xml,train
004496.jpg,1,718,500,3,384,144,469,238,004496.xml,test
004497.jpg,1,718,500,3,492,155,601,266,004497.xml,test
004498.jpg,1,818,628,3,407,113,497,193,004498.xml,train
004499.jpg,1,818,628,3,363,92,448,190,004499.xml,train
004500.jpg,1,718,500,3,245,52,488,228,004500.xml,test
004501.jpg,1,818,628,3,276,166,353,264,004501.xml,train
004502.jpg,1,818,628,3,280,152,409,263,004502.xml,train
004503.jpg,1,818,628,3,334,252,397,311,004503.xml,train
004504.jpg,1,818,628,3,368,132,478,196,004504.xml,train
004505.jpg,1,818,628,3,286,153,391,244,004505.xml,train
004506.jpg,1,818,628,3,404,163,486,245,004506.xml,test
004507.jpg,1,718,500,3,312,176,478,385,004507.xml,train
004508.jpg,1,718,500,3,356,224,566,395,004508.xml,train
004509.jpg,1,718,500,3,370,226,565,391,004509.xml,test
004510.jpg,1,718,500,3,211,202,366,320,004510.xml,test
004511.jpg,1,718,500,3,102,230,211,389,004511.xml,train
004512.jpg,1,718,500,3,124,175,252,302,004512.xml,train
004513.jpg,1,718,500,3,366,167,490,267,004513.xml,train
004514.jpg,1,718,500,3,140,170,407,413,004514.xml,train
004515.jpg,1,718,500,3,243,236,324,311,004515.xml,val
004516.jpg,1,718,500,3,321,222,413,314,004516.xml,train
004517.jpg,1,718,500,3,276,239,353,324,004517.xml,val
004518.jpg,1,718,500,3,110,197,376,449,004518.xml,val
004519.jpg,1,818,628,3,345,89,543,282,004519.xml,train
004520.jpg,1,818,628,3,387,113,594,265,004520.xml,val
004521.jpg,1,718,500,3,188,63,325,192,004521.xml,test
004522.jpg,1,718,500,3,311,49,661,238,004522.xml,test
004523.jpg,1,718,500,3,287,171,386,268,004523.xml,train
004524.jpg,1,718,500,3,247,133,342,190,004524.xml,train
004525.jpg,1,718,500,3,279,95,418,188,004525.xml,train
004526.jpg,1,718,500,3,256,168,394,302,004526.xml,train
004527.jpg,1,718,500,3,284,174,374,278,004527.xml,train
004528.jpg,1,718,500,3,271,187,385,302,004528.xml,train
004529.jpg,1,718,500,3,377,139,658,425,004529.xml,train
004530.jpg,1,718,500,3,374,155,629,433,004530.xml,train
004531.jpg,1,718,500,3,352,143,629,448,004531.xml,train
004532.jpg,1,718,500,3,117,189,325,426,004532.xml,train
004533.jpg,1,718,500,3,133,217,284,379,004533.xml,test
004534.jpg,1,718,500,3,384,174,460,284,004534.xml,train
004535.jpg,1,718,500,3,370,79,453,152,004535.xml,val
004536.jpg,1,718,500,3,352,39,450,107,004536.xml,train
004537.jpg,1,718,500,3,253,38,337,97,004537.xml,train
004538.jpg,1,718,500,3,522,93,623,168,004538.xml,val
004539.jpg,1,718,500,3,197,84,338,192,004539.xml,train
004540.jpg,1,718,500,3,368,106,476,191,004540.xml,train
004541.jpg,1,718,500,3,91,150,361,367,004541.xml,train
004542.jpg,1,718,500,3,149,163,469,369,004542.xml,train
004543.jpg,1,718,500,3,156,167,444,423,004543.xml,test
004544.jpg,1,718,500,3,228,229,326,336,004544.xml,train
004545.jpg,1,818,628,3,362,179,478,319,004545.xml,train
004546.jpg,1,718,500,3,499,257,585,383,004546.xml,train
004547.jpg,1,818,628,3,414,196,627,410,004547.xml,train
004548.jpg,1,818,628,3,280,194,554,384,004548.xml,train
004549.jpg,1,718,500,3,186,191,241,261,004549.xml,test
004550.jpg,1,818,628,3,341,197,663,387,004550.xml,train
004551.jpg,1,818,628,3,304,208,583,413,004551.xml,train
004552.jpg,1,818,628,3,259,188,424,315,004552.xml,test
004553.jpg,1,718,500,3,334,72,490,204,004553.xml,test
004554.jpg,1,818,628,3,313,176,615,394,004554.xml,train
004555.jpg,1,818,628,3,492,198,571,299,004555.xml,train
004556.jpg,1,718,500,3,322,85,460,191,004556.xml,train
004557.jpg,1,818,628,3,182,196,601,448,004557.xml,train
004558.jpg,1,439,368,3,142,182,220,267,004558.xml,train
004559.jpg,1,439,368,3,171,179,258,262,004559.xml,train
004560.jpg,1,718,500,3,191,146,292,244,004560.xml,train
004561.jpg,1,718,500,3,183,122,247,197,004561.xml,train
004562.jpg,1,718,500,3,200,150,367,288,004562.xml,train
004563.jpg,1,718,500,3,309,163,454,285,004563.xml,val
004564.jpg,1,718,500,3,267,127,436,258,004564.xml,train
004565.jpg,1,718,500,3,244,117,400,232,004565.xml,test
004566.jpg,1,718,500,3,308,148,501,308,004566.xml,train
004567.jpg,1,718,500,3,328,143,546,317,004567.xml,train
004568.jpg,1,718,500,3,354,206,432,291,004568.xml,train
004569.jpg,1,718,500,3,403,204,477,283,004569.xml,train
004570.jpg,1,718,500,3,293,139,507,268,004570.xml,test
004571.jpg,1,718,500,3,354,148,454,224,004571.xml,train
004572.jpg,1,718,500,3,156,122,328,219,004572.xml,train
004573.jpg,1,718,500,3,259,135,348,222,004573.xml,train
004574.jpg,1,718,500,3,389,111,461,172,004574.xml,test
004575.jpg,1,718,500,3,284,154,412,271,004575.xml,train
004576.jpg,1,718,500,3,264,144,352,227,004576.xml,val
004577.jpg,1,718,500,3,422,133,514,215,004577.xml,train
004578.jpg,1,718,500,3,212,156,344,219,004578.xml,train
004579.jpg,1,718,500,3,405,135,485,224,004579.xml,train
004580.jpg,1,718,500,3,135,86,293,199,004580.xml,test
004581.jpg,1,718,500,3,288,103,426,240,004581.xml,train
004582.jpg,1,718,500,3,374,123,444,202,004582.xml,train
004583.jpg,1,718,500,3,308,98,425,180,004583.xml,train
004584.jpg,1,718,500,3,274,228,411,365,004584.xml,train
004585.jpg,1,818,628,3,348,108,492,225,004585.xml,train
004586.jpg,1,718,500,3,264,171,541,363,004586.xml,test
004587.jpg,1,718,500,3,196,170,489,356,004587.xml,test
004588.jpg,1,718,500,3,404,121,673,399,004588.xml,test
004589.jpg,1,718,500,3,139,107,610,408,004589.xml,test
004590.jpg,1,718,500,3,271,143,324,210,004590.xml,train
004591.jpg,1,718,500,3,211,203,320,329,004591.xml,train
004592.jpg,1,718,500,3,288,160,422,266,004592.xml,val
004593.jpg,1,718,500,3,368,143,478,246,004593.xml,train
004594.jpg,1,718,500,3,329,147,437,263,004594.xml,test
004595.jpg,1,718,500,3,285,134,400,218,004595.xml,train
004596.jpg,1,718,500,3,348,139,460,232,004596.xml,train
004597.jpg,1,718,500,3,222,163,385,351,004597.xml,val
004598.jpg,1,718,500,3,311,151,470,298,004598.xml,train
004599.jpg,0,818,628,3,324,252,388,303,004599.xml,test
004600.jpg,0,718,500,3,337,85,404,117,004600.xml,train
004601.jpg,0,818,628,3,414,252,472,305,004601.xml,train
004602.jpg,0,818,628,3,204,123,351,251,004602.xml,train
004603.jpg,0,718,500,3,35,113,82,151,004603.xml,train
004604.jpg,0,718,500,3,203,191,248,230,004604.xml,train
004605.jpg,0,718,500,3,136,154,212,234,004605.xml,train
004606.jpg,0,718,500,3,439,97,484,133,004606.xml,train
004607.jpg,0,718,500,3,342,223,417,311,004607.xml,train
004608.jpg,0,718,500,3,368,133,416,168,004608.xml,train
004609.jpg,0,718,500,3,162,114,236,198,004609.xml,train
004610.jpg,0,718,500,3,333,254,465,367,004610.xml,train
004611.jpg,0,718,500,3,220,244,320,319,004611.xml,train
004612.jpg,1,718,500,3,207,152,396,318,004612.xml,train
004613.jpg,1,718,500,3,221,159,413,325,004613.xml,val
004614.jpg,1,718,500,3,338,163,474,314,004614.xml,train
004615.jpg,0,718,500,3,268,65,418,129,004615.xml,train
004616.jpg,0,718,500,3,369,178,418,230,004616.xml,train
004617.jpg,0,718,500,3,277,162,321,200,004617.xml,train
004618.jpg,0,718,500,3,501,203,542,246,004618.xml,train
004619.jpg,0,718,500,3,594,143,645,186,004619.xml,train
004620.jpg,0,718,500,3,127,79,542,339,004620.xml,train
004621.jpg,0,718,500,3,442,133,465,159,004621.xml,train
004622.jpg,0,439,368,3,189,79,243,114,004622.xml,train
004623.jpg,0,718,500,3,264,121,320,167,004623.xml,train
004624.jpg,0,718,500,3,236,207,312,258,004624.xml,train
004625.jpg,0,718,500,3,301,214,478,324,004625.xml,train
004626.jpg,0,718,500,3,348,135,531,243,004626.xml,test
004627.jpg,0,718,500,3,579,94,653,174,004627.xml,train
004628.jpg,0,718,500,3,287,210,425,310,004628.xml,test
004629.jpg,0,498,429,3,190,136,261,171,004629.xml,train
004630.jpg,0,498,429,3,316,127,355,155,004630.xml,train
004631.jpg,0,818,628,3,430,203,519,281,004631.xml,test
004632.jpg,0,718,500,3,329,223,372,270,004632.xml,train
004633.jpg,0,818,628,3,225,180,300,213,004633.xml,val
004634.jpg,0,718,500,3,400,174,448,219,004634.xml,train
004635.jpg,1,718,500,3,308,217,377,289,004635.xml,train
004636.jpg,1,718,500,3,109,88,522,305,004636.xml,test
004637.jpg,1,718,500,3,110,75,457,301,004637.xml,test
004638.jpg,1,718,500,3,164,135,370,267,004638.xml,test
004639.jpg,0,718,500,3,404,158,505,224,004639.xml,train
004640.jpg,0,718,500,3,309,142,412,251,004640.xml,test
004641.jpg,0,718,500,3,330,232,378,274,004641.xml,test
004642.jpg,0,718,500,3,286,123,376,191,004642.xml,train
004643.jpg,0,718,500,3,324,166,358,203,004643.xml,train
004644.jpg,0,818,628,3,262,137,347,220,004644.xml,train
004645.jpg,1,718,500,3,177,153,353,275,004645.xml,test
004646.jpg,1,718,500,3,248,92,366,187,004646.xml,train
004647.jpg,1,718,500,3,220,91,318,176,004647.xml,val
004648.jpg,0,718,500,3,268,70,386,148,004648.xml,train
004649.jpg,0,718,500,3,316,166,438,260,004649.xml,train
004650.jpg,0,718,500,3,255,161,448,250,004650.xml,test
004651.jpg,0,718,500,3,333,73,444,143,004651.xml,train
004652.jpg,0,718,500,3,168,228,312,324,004652.xml,train
004653.jpg,0,718,500,3,330,121,434,212,004653.xml,train
004654.jpg,0,718,500,3,311,127,352,192,004654.xml,train
004655.jpg,0,718,500,3,502,74,563,123,004655.xml,train
004656.jpg,0,718,500,3,155,150,220,199,004656.xml,train
004657.jpg,0,718,500,3,185,82,376,262,004657.xml,train
004658.jpg,0,718,500,3,358,74,406,111,004658.xml,train
004659.jpg,0,439,368,3,67,98,111,125,004659.xml,train
004660.jpg,0,718,500,3,127,89,441,304,004660.xml,test
004661.jpg,1,718,500,3,154,74,473,291,004661.xml,train
004662.jpg,0,718,500,3,260,158,657,395,004662.xml,train
004663.jpg,0,718,500,3,281,137,412,224,004663.xml,train
004664.jpg,1,718,500,3,125,78,428,260,004664.xml,val
004665.jpg,0,718,500,3,384,117,479,175,004665.xml,val
004666.jpg,0,718,500,3,284,234,340,275,004666.xml,train
004667.jpg,0,718,500,3,267,236,333,323,004667.xml,test
004668.jpg,0,718,500,3,184,127,244,192,004668.xml,test
004669.jpg,0,718,500,3,361,218,396,268,004669.xml,train
004670.jpg,0,818,628,3,202,230,354,340,004670.xml,test
004671.jpg,0,718,500,3,243,139,550,328,004671.xml,test
004672.jpg,0,718,500,3,181,142,485,311,004672.xml,train
004673.jpg,0,718,500,3,213,115,541,312,004673.xml,train
004674.jpg,0,718,500,3,251,222,336,290,004674.xml,train
004675.jpg,0,718,500,3,155,148,252,202,004675.xml,train
004676.jpg,0,718,500,3,243,143,342,198,004676.xml,train
004677.jpg,0,718,500,3,241,154,365,212,004677.xml,test
004678.jpg,0,718,500,3,248,139,358,202,004678.xml,test
004679.jpg,0,718,500,3,167,171,284,259,004679.xml,val
004680.jpg,0,718,500,3,213,170,352,249,004680.xml,test
004681.jpg,0,718,500,3,253,166,381,248,004681.xml,train
004682.jpg,0,718,500,3,201,152,316,225,004682.xml,train
004683.jpg,0,718,500,3,445,174,539,247,004683.xml,train
004684.jpg,0,718,500,3,333,158,386,196,004684.xml,val
004685.jpg,0,498,429,3,85,155,338,287,004685.xml,train
004686.jpg,0,498,429,3,178,77,281,167,004686.xml,train
004687.jpg,0,498,429,3,209,80,291,149,004687.xml,train
004688.jpg,0,498,429,3,180,94,247,173,004688.xml,train
004689.jpg,0,718,500,3,308,53,486,152,004689.xml,train
004690.jpg,1,718,500,3,335,99,437,183,004690.xml,train
004691.jpg,1,718,500,3,311,108,417,188,004691.xml,train
004692.jpg,0,718,500,3,197,172,269,238,004692.xml,train
004693.jpg,0,718,500,3,235,69,337,125,004693.xml,test
004694.jpg,0,718,500,3,234,59,388,143,004694.xml,train
004695.jpg,0,718,500,3,323,94,421,155,004695.xml,train
004696.jpg,0,718,500,3,257,242,360,299,004696.xml,train
004697.jpg,0,718,500,3,417,178,472,234,004697.xml,train
004698.jpg,0,439,368,3,246,124,278,147,004698.xml,train
004699.jpg,1,718,500,3,315,94,475,209,004699.xml,train
004700.jpg,0,718,500,3,321,102,422,156,004700.xml,train
004701.jpg,0,718,500,3,291,172,337,199,004701.xml,train
004702.jpg,0,718,500,3,329,85,394,127,004702.xml,train
004703.jpg,0,718,500,3,385,102,413,134,004703.xml,train
004704.jpg,0,718,500,3,328,107,376,151,004704.xml,train
004705.jpg,1,718,500,3,350,109,448,220,004705.xml,train
004706.jpg,0,818,628,3,253,144,313,206,004706.xml,train
004707.jpg,1,718,500,3,224,91,406,204,004707.xml,train
004708.jpg,0,718,500,3,300,166,338,206,004708.xml,train
004709.jpg,1,718,500,3,223,102,370,210,004709.xml,train
004710.jpg,0,718,500,3,239,192,291,262,004710.xml,val
004711.jpg,0,718,500,3,312,212,354,246,004711.xml,train
004712.jpg,0,718,500,3,215,101,485,254,004712.xml,test
004713.jpg,0,718,500,3,313,62,590,231,004713.xml,train
004714.jpg,0,718,500,3,296,180,400,243,004714.xml,train
004715.jpg,0,718,500,3,237,168,330,231,004715.xml,test
004716.jpg,0,718,500,3,486,215,551,272,004716.xml,train
004717.jpg,0,718,500,3,397,171,453,214,004717.xml,val
004718.jpg,0,718,500,3,505,79,599,147,004718.xml,test
004719.jpg,0,718,500,3,357,216,396,256,004719.xml,train
004720.jpg,0,718,500,3,237,163,285,202,004720.xml,val
004721.jpg,0,818,628,3,371,117,502,187,004721.xml,train
004722.jpg,0,818,628,3,399,127,567,225,004722.xml,train
004723.jpg,0,818,628,3,284,132,363,177,004723.xml,val
004724.jpg,1,718,500,3,207,244,336,347,004724.xml,test
004725.jpg,1,718,500,3,111,238,263,348,004725.xml,train
004726.jpg,1,718,500,3,338,282,466,387,004726.xml,test
004727.jpg,1,818,628,3,320,181,489,323,004727.xml,test
004728.jpg,1,818,628,3,236,206,401,366,004728.xml,test
004729.jpg,1,818,628,3,455,153,571,302,004729.xml,test
004730.jpg,1,718,500,3,164,145,340,234,004730.xml,test
004731.jpg,1,718,500,3,136,146,309,241,004731.xml,train
004732.jpg,1,818,628,3,443,173,591,338,004732.xml,train
004733.jpg,1,818,628,3,370,177,509,349,004733.xml,train
004734.jpg,1,718,500,3,285,183,416,278,004734.xml,train
004735.jpg,1,718,500,3,305,163,530,295,004735.xml,train
004736.jpg,1,718,500,3,205,105,333,198,004736.xml,train
004737.jpg,1,718,500,3,311,30,426,109,004737.xml,train
004738.jpg,1,718,500,3,196,85,325,210,004738.xml,train
004739.jpg,1,818,628,3,192,160,277,272,004739.xml,val
004740.jpg,1,818,628,3,239,206,309,289,004740.xml,test
004741.jpg,1,818,628,3,301,149,421,247,004741.xml,train
004742.jpg,1,718,500,3,175,63,281,156,004742.xml,test
004743.jpg,1,718,500,3,404,113,521,216,004743.xml,train
004744.jpg,1,718,500,3,51,73,639,368,004744.xml,test
004745.jpg,1,718,500,3,220,81,515,351,004745.xml,train
004746.jpg,1,718,500,3,257,58,410,150,004746.xml,test
004747.jpg,1,718,500,3,367,41,491,123,004747.xml,train
004748.jpg,1,718,500,3,302,162,390,247,004748.xml,train
004749.jpg,1,718,500,3,240,94,382,198,004749.xml,train
004750.jpg,1,718,500,3,175,106,293,254,004750.xml,test
004751.jpg,1,718,500,3,237,111,350,264,004751.xml,train
004752.jpg,1,718,500,3,185,61,381,219,004752.xml,test
004753.jpg,1,718,500,3,339,95,448,196,004753.xml,train
004754.jpg,1,718,500,3,233,81,361,190,004754.xml,train
004755.jpg,1,718,500,3,221,129,267,211,004755.xml,train
004756.jpg,1,718,500,3,183,98,394,308,004756.xml,test
004757.jpg,1,718,500,3,312,87,668,319,004757.xml,train
004758.jpg,1,718,500,3,167,131,336,287,004758.xml,train
004759.jpg,1,718,500,3,209,127,372,276,004759.xml,train
004760.jpg,1,718,500,3,228,167,315,234,004760.xml,test
004761.jpg,1,818,628,3,301,150,496,318,004761.xml,train
004762.jpg,1,718,500,3,248,49,501,169,004762.xml,test
004763.jpg,1,718,500,3,290,45,505,160,004763.xml,train
004764.jpg,1,718,500,3,368,140,477,262,004764.xml,train
004765.jpg,1,718,500,3,311,118,479,262,004765.xml,train
004766.jpg,1,718,500,3,216,127,414,300,004766.xml,test
004767.jpg,1,718,500,3,251,223,406,341,004767.xml,train
004768.jpg,1,718,500,3,384,191,456,248,004768.xml,train
004769.jpg,1,718,500,3,70,175,225,310,004769.xml,train
004770.jpg,1,439,368,3,121,79,368,196,004770.xml,test
004771.jpg,1,439,368,3,158,82,386,194,004771.xml,train
004772.jpg,1,718,500,3,264,131,490,349,004772.xml,train
004773.jpg,1,718,500,3,217,317,297,377,004773.xml,train
004774.jpg,1,718,500,3,372,131,567,231,004774.xml,train
004775.jpg,1,718,500,3,376,171,674,317,004775.xml,val
004776.jpg,1,718,500,3,408,251,496,333,004776.xml,train
004777.jpg,1,818,628,3,331,100,541,262,004777.xml,train
004778.jpg,1,818,628,3,411,106,641,267,004778.xml,train
004779.jpg,1,818,628,3,165,98,394,250,004779.xml,train
004780.jpg,1,818,628,3,260,136,497,311,004780.xml,train
004781.jpg,1,498,429,3,160,137,318,262,004781.xml,train
004782.jpg,1,439,368,3,113,85,320,203,004782.xml,test
004783.jpg,1,439,368,3,163,73,354,216,004783.xml,train
004784.jpg,1,718,500,3,59,69,486,401,004784.xml,train
004785.jpg,1,718,500,3,9,47,622,392,004785.xml,train
004786.jpg,1,718,500,3,123,90,454,336,004786.xml,train
004787.jpg,1,718,500,3,306,83,654,385,004787.xml,train
004788.jpg,1,498,429,3,150,85,268,187,004788.xml,test
004789.jpg,1,498,429,3,245,97,342,185,004789.xml,train
004790.jpg,1,718,500,3,315,74,465,198,004790.xml,train
004791.jpg,1,718,500,3,320,131,428,219,004791.xml,train
004792.jpg,1,439,368,3,140,64,408,210,004792.xml,test
004793.jpg,1,439,368,3,161,56,284,166,004793.xml,val
004794.jpg,1,718,500,3,240,109,364,203,004794.xml,train
004795.jpg,1,718,500,3,316,143,457,250,004795.xml,train
004796.jpg,1,718,500,3,281,78,373,158,004796.xml,train
004797.jpg,1,718,500,3,252,70,354,150,004797.xml,val
004798.jpg,1,818,628,3,371,215,605,417,004798.xml,train
004799.jpg,1,818,628,3,361,208,642,407,004799.xml,train
004800.jpg,1,818,628,3,284,210,448,444,004800.xml,train
004801.jpg,1,818,628,3,304,208,487,421,004801.xml,test
004802.jpg,1,718,500,3,216,46,543,205,004802.xml,val
004803.jpg,1,718,500,3,313,125,430,207,004803.xml,train
004804.jpg,1,818,628,3,502,303,560,360,004804.xml,train
004805.jpg,1,818,628,3,499,228,590,301,004805.xml,train
004806.jpg,1,818,628,3,334,274,591,433,004806.xml,val
004807.jpg,1,718,500,3,213,157,329,245,004807.xml,test
004808.jpg,1,718,500,3,187,175,256,258,004808.xml,test
004809.jpg,1,718,500,3,229,137,320,223,004809.xml,train
004810.jpg,1,718,500,3,221,130,317,216,004810.xml,test
004811.jpg,1,718,500,3,232,125,319,216,004811.xml,train
004812.jpg,1,718,500,3,243,261,393,382,004812.xml,test
004813.jpg,1,718,500,3,222,259,364,389,004813.xml,train
004814.jpg,1,718,500,3,204,275,328,400,004814.xml,train
004815.jpg,1,718,500,3,301,52,472,183,004815.xml,train
004816.jpg,1,718,500,3,280,43,461,176,004816.xml,train
004817.jpg,1,718,500,3,392,43,547,186,004817.xml,train
004818.jpg,1,718,500,3,353,53,502,195,004818.xml,train
004819.jpg,1,718,500,3,292,158,425,272,004819.xml,train
004820.jpg,1,718,500,3,307,37,442,143,004820.xml,train
004821.jpg,1,718,500,3,325,115,399,207,004821.xml,train
004822.jpg,1,718,500,3,281,130,344,210,004822.xml,train
004823.jpg,1,818,628,3,365,211,554,336,004823.xml,val
004824.jpg,1,818,628,3,335,163,536,282,004824.xml,train
004825.jpg,1,818,628,3,408,173,584,311,004825.xml,val
004826.jpg,1,718,500,3,272,65,444,214,004826.xml,val
004827.jpg,1,718,500,3,337,69,505,219,004827.xml,train
004828.jpg,1,718,500,3,374,107,480,196,004828.xml,train
004829.jpg,1,818,628,3,307,159,408,238,004829.xml,test
004830.jpg,1,818,628,3,320,191,435,301,004830.xml,test
004831.jpg,1,818,628,3,429,163,591,322,004831.xml,train
004832.jpg,1,818,628,3,246,152,415,313,004832.xml,train
004833.jpg,1,818,628,3,338,146,492,298,004833.xml,train
004834.jpg,1,498,429,3,136,69,329,233,004834.xml,train
004835.jpg,1,498,429,3,192,71,338,271,004835.xml,test
004836.jpg,1,498,429,3,148,77,295,253,004836.xml,train
004837.jpg,1,718,500,3,400,89,555,258,004837.xml,train
004838.jpg,1,718,500,3,95,67,293,223,004838.xml,train
004839.jpg,1,718,500,3,308,99,417,243,004839.xml,train
004840.jpg,1,718,500,3,300,114,369,200,004840.xml,test
004841.jpg,1,718,500,3,336,127,394,212,004841.xml,train
004842.jpg,1,818,628,3,361,136,455,224,004842.xml,test
004843.jpg,1,818,628,3,319,152,395,242,004843.xml,val
004844.jpg,1,818,628,3,262,210,358,309,004844.xml,val
004845.jpg,1,818,628,3,398,145,491,263,004845.xml,val
004846.jpg,1,718,500,3,236,94,402,254,004846.xml,train
004847.jpg,1,718,500,3,281,166,378,255,004847.xml,train
004848.jpg,1,718,500,3,283,191,350,282,004848.xml,train
004849.jpg,1,718,500,3,320,117,480,296,004849.xml,train
004850.jpg,1,718,500,3,284,86,480,206,004850.xml,test
004851.jpg,1,718,500,3,297,71,518,196,004851.xml,train
004852.jpg,1,718,500,3,239,82,476,225,004852.xml,train
004853.jpg,1,718,500,3,132,61,406,223,004853.xml,train
004854.jpg,1,718,500,3,92,46,376,206,004854.xml,train
004855.jpg,1,718,500,3,114,58,366,240,004855.xml,train
004856.jpg,1,718,500,3,243,104,522,310,004856.xml,val
004857.jpg,1,718,500,3,175,101,454,307,004857.xml,train
004858.jpg,1,718,500,3,315,109,433,194,004858.xml,train
004859.jpg,1,818,628,3,243,187,324,294,004859.xml,val
004860.jpg,1,818,628,3,455,167,546,242,004860.xml,train
004861.jpg,1,818,628,3,368,157,460,233,004861.xml,train
004862.jpg,1,718,500,3,522,193,607,295,004862.xml,train
004863.jpg,1,718,500,3,274,128,492,353,004863.xml,train
004864.jpg,1,718,500,3,208,113,434,341,004864.xml,train
004865.jpg,1,718,500,3,313,151,425,274,004865.xml,train
004866.jpg,1,718,500,3,373,163,489,271,004866.xml,train
004867.jpg,1,718,500,3,437,160,529,260,004867.xml,val
004868.jpg,1,718,500,3,307,177,417,291,004868.xml,val
004869.jpg,1,718,500,3,238,52,458,196,004869.xml,train
004870.jpg,1,718,500,3,157,86,349,216,004870.xml,train
004871.jpg,1,818,628,3,249,164,374,282,004871.xml,val
004872.jpg,1,818,628,3,557,171,659,289,004872.xml,val
004873.jpg,1,718,500,3,409,84,615,226,004873.xml,train
004874.jpg,1,718,500,3,107,77,420,282,004874.xml,val
004875.jpg,1,718,500,3,122,69,489,280,004875.xml,test
004876.jpg,1,718,500,3,289,46,385,138,004876.xml,train
004877.jpg,1,718,500,3,303,94,458,188,004877.xml,train
004878.jpg,1,718,500,3,70,102,244,235,004878.xml,train
004879.jpg,1,718,500,3,269,85,409,171,004879.xml,train
004880.jpg,1,718,500,3,182,93,329,234,004880.xml,train
004881.jpg,1,718,500,3,159,94,333,234,004881.xml,train
004882.jpg,1,718,500,3,181,105,330,236,004882.xml,test
004883.jpg,1,718,500,3,319,151,519,335,004883.xml,train
004884.jpg,1,718,500,3,225,164,408,333,004884.xml,train
004885.jpg,1,718,500,3,201,69,341,211,004885.xml,train
004886.jpg,1,718,500,3,348,156,469,241,004886.xml,train
004887.jpg,1,718,500,3,340,138,457,253,004887.xml,train
004888.jpg,1,718,500,3,110,167,177,246,004888.xml,train
004889.jpg,1,718,500,3,277,133,348,194,004889.xml,test
004890.jpg,1,718,500,3,292,117,370,176,004890.xml,test
004891.jpg,1,718,500,3,304,121,378,182,004891.xml,val
004892.jpg,1,718,500,3,247,142,309,214,004892.xml,train
004893.jpg,1,718,500,3,438,118,543,202,004893.xml,train
004894.jpg,1,718,500,3,275,133,357,212,004894.xml,val
004895.jpg,1,718,500,3,365,122,462,204,004895.xml,val
004896.jpg,1,718,500,3,322,130,416,224,004896.xml,test
004897.jpg,1,718,500,3,292,127,409,210,004897.xml,train
004898.jpg,1,718,500,3,325,61,497,202,004898.xml,test
004899.jpg,1,718,500,3,256,58,452,195,004899.xml,train
004900.jpg,1,718,500,3,299,59,472,234,004900.xml,train
004901.jpg,1,718,500,3,329,67,434,184,004901.xml,train
004902.jpg,1,818,628,3,226,232,355,335,004902.xml,train
004903.jpg,1,818,628,3,269,193,407,315,004903.xml,train
004904.jpg,1,818,628,3,284,162,437,309,004904.xml,train
004905.jpg,1,818,628,3,225,169,338,292,004905.xml,train
004906.jpg,1,818,628,3,240,163,346,285,004906.xml,test
004907.jpg,1,718,500,3,323,90,420,170,004907.xml,val
004908.jpg,1,718,500,3,361,85,453,168,004908.xml,train
004909.jpg,1,718,500,3,243,155,440,328,004909.xml,train
004910.jpg,1,718,500,3,265,110,432,266,004910.xml,train
004911.jpg,1,718,500,3,272,109,468,264,004911.xml,test
004912.jpg,1,718,500,3,425,112,603,236,004912.xml,train
004913.jpg,1,718,500,3,287,85,404,170,004913.xml,train
004914.jpg,1,718,500,3,325,85,412,178,004914.xml,train
004915.jpg,1,718,500,3,292,89,398,159,004915.xml,train
004916.jpg,1,718,500,3,323,89,444,175,004916.xml,test
004917.jpg,1,718,500,3,390,81,526,214,004917.xml,train
004918.jpg,1,718,500,3,354,43,457,126,004918.xml,train
004919.jpg,1,718,500,3,344,87,460,196,004919.xml,train
004920.jpg,1,718,500,3,105,119,199,222,004920.xml,train
004921.jpg,1,718,500,3,95,79,401,287,004921.xml,train
004922.jpg,1,718,500,3,285,82,558,274,004922.xml,val
004923.jpg,1,718,500,3,216,78,579,449,004923.xml,val
004924.jpg,1,818,628,3,333,183,480,338,004924.xml,train
004925.jpg,1,818,628,3,236,198,391,335,004925.xml,train
004926.jpg,1,718,500,3,76,72,616,400,004926.xml,train
004927.jpg,1,818,628,3,340,142,506,284,004927.xml,train
004928.jpg,1,818,628,3,187,193,260,272,004928.xml,train
004929.jpg,1,718,500,3,470,146,571,268,004929.xml,test
004930.jpg,1,718,500,3,247,125,338,244,004930.xml,train
004931.jpg,1,718,500,3,296,135,362,215,004931.xml,train
004932.jpg,1,718,500,3,204,109,285,172,004932.xml,train
004933.jpg,1,718,500,3,152,105,232,182,004933.xml,val
004934.jpg,1,439,368,3,209,155,249,212,004934.xml,train
004935.jpg,1,718,500,3,316,88,504,244,004935.xml,train
004936.jpg,1,818,628,3,355,171,453,282,004936.xml,train
004937.jpg,1,818,628,3,337,187,438,303,004937.xml,train
004938.jpg,1,718,500,3,271,218,374,321,004938.xml,val
004939.jpg,1,718,500,3,259,227,346,311,004939.xml,train
004940.jpg,1,718,500,3,291,228,409,340,004940.xml,train
004941.jpg,1,718,500,3,301,130,489,290,004941.xml,val
004942.jpg,1,718,500,3,237,172,337,278,004942.xml,train
004943.jpg,1,718,500,3,228,151,356,254,004943.xml,train
004944.jpg,1,718,500,3,139,164,275,327,004944.xml,train
004945.jpg,1,718,500,3,171,168,257,282,004945.xml,train
004946.jpg,1,718,500,3,223,95,421,216,004946.xml,val
004947.jpg,1,718,500,3,281,123,401,239,004947.xml,train
004948.jpg,1,718,500,3,203,109,452,244,004948.xml,train
004949.jpg,1,718,500,3,253,70,429,192,004949.xml,train
004950.jpg,1,718,500,3,285,147,468,299,004950.xml,train
004951.jpg,1,718,500,3,224,271,334,333,004951.xml,train
004952.jpg,1,718,500,3,352,53,535,198,004952.xml,train
004953.jpg,1,718,500,3,342,167,441,276,004953.xml,val
004954.jpg,1,718,500,3,472,190,571,300,004954.xml,train
004955.jpg,1,718,500,3,99,18,304,166,004955.xml,test
004956.jpg,1,718,500,3,231,78,402,231,004956.xml,train
004957.jpg,1,718,500,3,84,13,292,170,004957.xml,val
004958.jpg,1,718,500,3,295,57,481,226,004958.xml,train
004959.jpg,1,718,500,3,158,83,394,259,004959.xml,test
004960.jpg,1,718,500,3,321,107,445,222,004960.xml,test
004961.jpg,1,718,500,3,183,129,501,356,004961.xml,train
004962.jpg,1,718,500,3,228,122,529,343,004962.xml,train
004963.jpg,1,718,500,3,405,155,515,310,004963.xml,test
004964.jpg,1,718,500,3,370,134,497,267,004964.xml,train
004965.jpg,1,818,628,3,281,116,337,190,004965.xml,train
004966.jpg,1,818,628,3,159,238,269,370,004966.xml,train
004967.jpg,1,718,500,3,102,126,231,260,004967.xml,train
004968.jpg,1,498,429,3,255,54,368,155,004968.xml,train
004969.jpg,1,498,429,3,235,66,350,199,004969.xml,test
004970.jpg,1,498,429,3,212,72,341,156,004970.xml,train
004971.jpg,1,498,429,3,214,76,349,153,004971.xml,test
004972.jpg,1,498,429,3,269,78,377,156,004972.xml,train
004973.jpg,1,498,429,3,152,72,271,159,004973.xml,test
004974.jpg,1,818,628,3,360,113,607,295,004974.xml,test
004975.jpg,1,818,628,3,348,117,605,292,004975.xml,train
004976.jpg,1,718,500,3,292,82,366,133,004976.xml,train
004977.jpg,1,818,628,3,459,161,617,325,004977.xml,train
004978.jpg,1,818,628,3,549,207,645,339,004978.xml,train
004979.jpg,1,439,368,3,222,84,310,190,004979.xml,train
004980.jpg,1,718,500,3,268,73,397,170,004980.xml,train
004981.jpg,1,718,500,3,259,82,411,186,004981.xml,val
004982.jpg,1,718,500,3,289,121,406,272,004982.xml,test
004983.jpg,1,718,500,3,196,131,328,271,004983.xml,train
004984.jpg,1,718,500,3,110,168,397,409,004984.xml,train
004985.jpg,1,718,500,3,207,125,394,270,004985.xml,test
004986.jpg,1,718,500,3,454,139,546,271,004986.xml,test
004987.jpg,1,718,500,3,127,89,425,351,004987.xml,train
004988.jpg,1,718,500,3,207,69,554,359,004988.xml,test
004989.jpg,1,718,500,3,94,114,398,473,004989.xml,train
004990.jpg,1,718,500,3,243,247,339,336,004990.xml,test
004991.jpg,1,718,500,3,317,235,425,357,004991.xml,train
004992.jpg,1,718,500,3,297,71,469,227,004992.xml,train
004993.jpg,1,718,500,3,236,192,370,329,004993.xml,test
004994.jpg,1,718,500,3,200,143,329,280,004994.xml,train
004995.jpg,1,718,500,3,225,164,489,351,004995.xml,test
004996.jpg,1,718,500,3,308,123,506,315,004996.xml,test
004997.jpg,1,718,500,3,284,67,475,242,004997.xml,train
004998.jpg,1,718,500,3,251,74,432,200,004998.xml,train
004999.jpg,1,718,500,3,277,223,388,332,004999.xml,test
005000.jpg,1,718,500,3,118,262,236,385,005000.xml,val
